ISO-10303-21;
HEADER;
FILE_DESCRIPTION(('FreeCAD Model'),'2;1');
FILE_NAME('Open CASCADE Shape Model','2026-05-08T12:56:08',(''),(''),
  'Open CASCADE STEP processor 7.8','FreeCAD','Unknown');
FILE_SCHEMA(('AUTOMOTIVE_DESIGN { 1 0 10303 214 1 1 1 1 }'));
ENDSEC;
DATA;
#1 = APPLICATION_PROTOCOL_DEFINITION('international standard',
  'automotive_design',2000,#2);
#2 = APPLICATION_CONTEXT(
  'core data for automotive mechanical design processes');
#3 = SHAPE_DEFINITION_REPRESENTATION(#4,#10);
#4 = PRODUCT_DEFINITION_SHAPE('','',#5);
#5 = PRODUCT_DEFINITION('design','',#6,#9);
#6 = PRODUCT_DEFINITION_FORMATION('','',#7);
#7 = PRODUCT('BASE001','BASE001','',(#8));
#8 = PRODUCT_CONTEXT('',#2,'mechanical');
#9 = PRODUCT_DEFINITION_CONTEXT('part definition',#2,'design');
#10 = ADVANCED_BREP_SHAPE_REPRESENTATION('',(#11,#15),#3173);
#11 = AXIS2_PLACEMENT_3D('',#12,#13,#14);
#12 = CARTESIAN_POINT('',(0.,0.,0.));
#13 = DIRECTION('',(0.,0.,1.));
#14 = DIRECTION('',(1.,0.,-0.));
#15 = MANIFOLD_SOLID_BREP('',#16);
#16 = CLOSED_SHELL('',(#17,#155,#186,#210,#234,#258,#282,#306,#330,#354,
    #378,#402,#426,#443,#474,#505,#536,#567,#609,#640,#656,#672,#703,
    #719,#750,#766,#797,#822,#847,#917,#929,#941,#953,#965,#1008,#1051,
    #1082,#1106,#1130,#1147,#1178,#1202,#1226,#1243,#1274,#1298,#1322,
    #1339,#1557,#1619,#1681,#1706,#1731,#1756,#1787,#1811,#1867,#1930,
    #1954,#1978,#2002,#2026,#2089,#2113,#2137,#2209,#2233,#2257,#2281,
    #2305,#2377,#2415,#2439,#2456,#2481,#2544,#2568,#2592,#2616,#2663,
    #2680,#2711,#2767,#2791,#2838,#2862,#2879,#2888,#2897,#2906,#2918,
    #2935,#2947,#2964,#2997,#3019,#3041,#3058,#3075,#3098,#3110,#3122,
    #3131,#3151,#3162));
#17 = ADVANCED_FACE('',(#18,#116),#150,.F.);
#18 = FACE_BOUND('',#19,.F.);
#19 = EDGE_LOOP('',(#20,#30,#38,#46,#54,#62,#70,#78,#86,#94,#102,#110));
#20 = ORIENTED_EDGE('',*,*,#21,.T.);
#21 = EDGE_CURVE('',#22,#24,#26,.T.);
#22 = VERTEX_POINT('',#23);
#23 = CARTESIAN_POINT('',(-9.848623091948,-8.791584124568,10.));
#24 = VERTEX_POINT('',#25);
#25 = CARTESIAN_POINT('',(-18.05137690805,-0.35841587543,10.));
#26 = LINE('',#27,#28);
#27 = CARTESIAN_POINT('',(-9.5,-9.149999999998,10.));
#28 = VECTOR('',#29,1.);
#29 = DIRECTION('',(-0.697246183897,0.71683175086,0.));
#30 = ORIENTED_EDGE('',*,*,#31,.T.);
#31 = EDGE_CURVE('',#24,#32,#34,.T.);
#32 = VERTEX_POINT('',#33);
#33 = CARTESIAN_POINT('',(-18.05137690805,0.35841587543,10.));
#34 = LINE('',#35,#36);
#35 = CARTESIAN_POINT('',(-18.05137690805,-4.6048E-13,10.));
#36 = VECTOR('',#37,1.);
#37 = DIRECTION('',(-7.434E-14,1.,0.));
#38 = ORIENTED_EDGE('',*,*,#39,.T.);
#39 = EDGE_CURVE('',#32,#40,#42,.T.);
#40 = VERTEX_POINT('',#41);
#41 = CARTESIAN_POINT('',(-9.848623091948,8.79158412457,10.));
#42 = LINE('',#43,#44);
#43 = CARTESIAN_POINT('',(-18.4,0.,10.));
#44 = VECTOR('',#45,1.);
#45 = DIRECTION('',(0.697246183897,0.71683175086,0.));
#46 = ORIENTED_EDGE('',*,*,#47,.F.);
#47 = EDGE_CURVE('',#48,#40,#50,.T.);
#48 = VERTEX_POINT('',#49);
#49 = CARTESIAN_POINT('',(-9.,9.150000000001,10.));
#50 = LINE('',#51,#52);
#51 = CARTESIAN_POINT('',(-7.033104489312,9.980718116242,10.));
#52 = VECTOR('',#53,1.);
#53 = DIRECTION('',(-0.921207409842,-0.389071854613,0.));
#54 = ORIENTED_EDGE('',*,*,#55,.T.);
#55 = EDGE_CURVE('',#48,#56,#58,.T.);
#56 = VERTEX_POINT('',#57);
#57 = CARTESIAN_POINT('',(8.999999999999,9.150000000002,10.));
#58 = LINE('',#59,#60);
#59 = CARTESIAN_POINT('',(-9.5,9.15,10.));
#60 = VECTOR('',#61,1.);
#61 = DIRECTION('',(1.,1.077E-13,0.));
#62 = ORIENTED_EDGE('',*,*,#63,.F.);
#63 = EDGE_CURVE('',#64,#56,#66,.T.);
#64 = VERTEX_POINT('',#65);
#65 = CARTESIAN_POINT('',(9.848623091948,8.791584124572,10.));
#66 = LINE('',#67,#68);
#67 = CARTESIAN_POINT('',(7.033104489312,9.980718116244,10.));
#68 = VECTOR('',#69,1.);
#69 = DIRECTION('',(-0.921207409842,0.389071854612,0.));
#70 = ORIENTED_EDGE('',*,*,#71,.T.);
#71 = EDGE_CURVE('',#64,#72,#74,.T.);
#72 = VERTEX_POINT('',#73);
#73 = CARTESIAN_POINT('',(18.051376908052,0.35841587543,10.));
#74 = LINE('',#75,#76);
#75 = CARTESIAN_POINT('',(9.5,9.150000000002,10.));
#76 = VECTOR('',#77,1.);
#77 = DIRECTION('',(0.697246183897,-0.71683175086,0.));
#78 = ORIENTED_EDGE('',*,*,#79,.F.);
#79 = EDGE_CURVE('',#80,#72,#82,.T.);
#80 = VERTEX_POINT('',#81);
#81 = CARTESIAN_POINT('',(18.051376908052,-0.35841587543,10.));
#82 = LINE('',#83,#84);
#83 = CARTESIAN_POINT('',(18.051376908052,-9.1528E-13,10.));
#84 = VECTOR('',#85,1.);
#85 = DIRECTION('',(1.1399E-13,1.,0.));
#86 = ORIENTED_EDGE('',*,*,#87,.T.);
#87 = EDGE_CURVE('',#80,#88,#90,.T.);
#88 = VERTEX_POINT('',#89);
#89 = CARTESIAN_POINT('',(9.848623091948,-8.791584124568,10.));
#90 = LINE('',#91,#92);
#91 = CARTESIAN_POINT('',(18.4,0.,10.));
#92 = VECTOR('',#93,1.);
#93 = DIRECTION('',(-0.697246183897,-0.71683175086,0.));
#94 = ORIENTED_EDGE('',*,*,#95,.F.);
#95 = EDGE_CURVE('',#96,#88,#98,.T.);
#96 = VERTEX_POINT('',#97);
#97 = CARTESIAN_POINT('',(9.,-9.149999999998,10.));
#98 = LINE('',#99,#100);
#99 = CARTESIAN_POINT('',(7.033104489311,-9.98071811624,10.));
#100 = VECTOR('',#101,1.);
#101 = DIRECTION('',(0.921207409842,0.389071854612,0.));
#102 = ORIENTED_EDGE('',*,*,#103,.T.);
#103 = EDGE_CURVE('',#96,#104,#106,.T.);
#104 = VERTEX_POINT('',#105);
#105 = CARTESIAN_POINT('',(-9.,-9.149999999998,10.));
#106 = LINE('',#107,#108);
#107 = CARTESIAN_POINT('',(9.5,-9.149999999998,10.));
#108 = VECTOR('',#109,1.);
#109 = DIRECTION('',(-1.,0.,0.));
#110 = ORIENTED_EDGE('',*,*,#111,.F.);
#111 = EDGE_CURVE('',#22,#104,#112,.T.);
#112 = LINE('',#113,#114);
#113 = CARTESIAN_POINT('',(-7.033104489311,-9.98071811624,10.));
#114 = VECTOR('',#115,1.);
#115 = DIRECTION('',(0.921207409842,-0.389071854612,0.));
#116 = FACE_BOUND('',#117,.F.);
#117 = EDGE_LOOP('',(#118,#128,#136,#144));
#118 = ORIENTED_EDGE('',*,*,#119,.T.);
#119 = EDGE_CURVE('',#120,#122,#124,.T.);
#120 = VERTEX_POINT('',#121);
#121 = CARTESIAN_POINT('',(18.5,18.5,10.));
#122 = VERTEX_POINT('',#123);
#123 = CARTESIAN_POINT('',(-18.5,18.5,10.));
#124 = LINE('',#125,#126);
#125 = CARTESIAN_POINT('',(20.,18.5,10.));
#126 = VECTOR('',#127,1.);
#127 = DIRECTION('',(-1.,0.,0.));
#128 = ORIENTED_EDGE('',*,*,#129,.T.);
#129 = EDGE_CURVE('',#122,#130,#132,.T.);
#130 = VERTEX_POINT('',#131);
#131 = CARTESIAN_POINT('',(-18.5,-18.5,10.));
#132 = LINE('',#133,#134);
#133 = CARTESIAN_POINT('',(-18.5,20.,10.));
#134 = VECTOR('',#135,1.);
#135 = DIRECTION('',(0.,-1.,0.));
#136 = ORIENTED_EDGE('',*,*,#137,.T.);
#137 = EDGE_CURVE('',#130,#138,#140,.T.);
#138 = VERTEX_POINT('',#139);
#139 = CARTESIAN_POINT('',(18.5,-18.5,10.));
#140 = LINE('',#141,#142);
#141 = CARTESIAN_POINT('',(-20.,-18.5,10.));
#142 = VECTOR('',#143,1.);
#143 = DIRECTION('',(1.,0.,0.));
#144 = ORIENTED_EDGE('',*,*,#145,.T.);
#145 = EDGE_CURVE('',#138,#120,#146,.T.);
#146 = LINE('',#147,#148);
#147 = CARTESIAN_POINT('',(18.5,-20.,10.));
#148 = VECTOR('',#149,1.);
#149 = DIRECTION('',(0.,1.,0.));
#150 = PLANE('',#151);
#151 = AXIS2_PLACEMENT_3D('',#152,#153,#154);
#152 = CARTESIAN_POINT('',(8.227E-14,1.8686E-13,10.));
#153 = DIRECTION('',(0.,0.,1.));
#154 = DIRECTION('',(1.,0.,0.));
#155 = ADVANCED_FACE('',(#156),#181,.T.);
#156 = FACE_BOUND('',#157,.T.);
#157 = EDGE_LOOP('',(#158,#159,#167,#175));
#158 = ORIENTED_EDGE('',*,*,#21,.T.);
#159 = ORIENTED_EDGE('',*,*,#160,.F.);
#160 = EDGE_CURVE('',#161,#24,#163,.T.);
#161 = VERTEX_POINT('',#162);
#162 = CARTESIAN_POINT('',(-18.05137690805,-0.35841587543,-0.));
#163 = LINE('',#164,#165);
#164 = CARTESIAN_POINT('',(-18.05137690805,-0.35841587543,0.));
#165 = VECTOR('',#166,1.);
#166 = DIRECTION('',(0.,0.,1.));
#167 = ORIENTED_EDGE('',*,*,#168,.F.);
#168 = EDGE_CURVE('',#169,#161,#171,.T.);
#169 = VERTEX_POINT('',#170);
#170 = CARTESIAN_POINT('',(-9.848623091948,-8.791584124568,0.));
#171 = LINE('',#172,#173);
#172 = CARTESIAN_POINT('',(-9.5,-9.149999999998,0.));
#173 = VECTOR('',#174,1.);
#174 = DIRECTION('',(-0.697246183897,0.71683175086,0.));
#175 = ORIENTED_EDGE('',*,*,#176,.T.);
#176 = EDGE_CURVE('',#169,#22,#177,.T.);
#177 = LINE('',#178,#179);
#178 = CARTESIAN_POINT('',(-9.848623091948,-8.791584124568,0.));
#179 = VECTOR('',#180,1.);
#180 = DIRECTION('',(0.,0.,1.));
#181 = PLANE('',#182);
#182 = AXIS2_PLACEMENT_3D('',#183,#184,#185);
#183 = CARTESIAN_POINT('',(-13.95,-4.574999999999,5.));
#184 = DIRECTION('',(-0.71683175086,-0.697246183897,-0.));
#185 = DIRECTION('',(0.697246183897,-0.71683175086,0.));
#186 = ADVANCED_FACE('',(#187),#205,.T.);
#187 = FACE_BOUND('',#188,.F.);
#188 = EDGE_LOOP('',(#189,#197,#198,#199));
#189 = ORIENTED_EDGE('',*,*,#190,.F.);
#190 = EDGE_CURVE('',#169,#191,#193,.T.);
#191 = VERTEX_POINT('',#192);
#192 = CARTESIAN_POINT('',(-9.,-9.149999999998,0.));
#193 = LINE('',#194,#195);
#194 = CARTESIAN_POINT('',(-7.033104489312,-9.98071811624,0.));
#195 = VECTOR('',#196,1.);
#196 = DIRECTION('',(0.921207409842,-0.389071854612,0.));
#197 = ORIENTED_EDGE('',*,*,#176,.T.);
#198 = ORIENTED_EDGE('',*,*,#111,.T.);
#199 = ORIENTED_EDGE('',*,*,#200,.F.);
#200 = EDGE_CURVE('',#191,#104,#201,.T.);
#201 = LINE('',#202,#203);
#202 = CARTESIAN_POINT('',(-9.,-9.149999999998,0.));
#203 = VECTOR('',#204,1.);
#204 = DIRECTION('',(0.,0.,1.));
#205 = PLANE('',#206);
#206 = AXIS2_PLACEMENT_3D('',#207,#208,#209);
#207 = CARTESIAN_POINT('',(-9.424311545974,-8.970792062283,0.));
#208 = DIRECTION('',(-0.389071854612,-0.921207409842,0.));
#209 = DIRECTION('',(-0.,-0.,-1.));
#210 = ADVANCED_FACE('',(#211),#229,.T.);
#211 = FACE_BOUND('',#212,.T.);
#212 = EDGE_LOOP('',(#213,#221,#222,#223));
#213 = ORIENTED_EDGE('',*,*,#214,.F.);
#214 = EDGE_CURVE('',#161,#215,#217,.T.);
#215 = VERTEX_POINT('',#216);
#216 = CARTESIAN_POINT('',(-18.05137690805,0.35841587543,0.));
#217 = LINE('',#218,#219);
#218 = CARTESIAN_POINT('',(-18.05137690805,1.5336E-13,0.));
#219 = VECTOR('',#220,1.);
#220 = DIRECTION('',(-7.434E-14,1.,0.));
#221 = ORIENTED_EDGE('',*,*,#160,.T.);
#222 = ORIENTED_EDGE('',*,*,#31,.T.);
#223 = ORIENTED_EDGE('',*,*,#224,.F.);
#224 = EDGE_CURVE('',#215,#32,#225,.T.);
#225 = LINE('',#226,#227);
#226 = CARTESIAN_POINT('',(-18.05137690805,0.35841587543,0.));
#227 = VECTOR('',#228,1.);
#228 = DIRECTION('',(0.,0.,1.));
#229 = PLANE('',#230);
#230 = AXIS2_PLACEMENT_3D('',#231,#232,#233);
#231 = CARTESIAN_POINT('',(-18.05137690805,2.3415E-13,0.));
#232 = DIRECTION('',(-1.,-7.434E-14,4.05E-14));
#233 = DIRECTION('',(4.05E-14,0.,1.));
#234 = ADVANCED_FACE('',(#235),#253,.T.);
#235 = FACE_BOUND('',#236,.T.);
#236 = EDGE_LOOP('',(#237,#238,#239,#247));
#237 = ORIENTED_EDGE('',*,*,#103,.T.);
#238 = ORIENTED_EDGE('',*,*,#200,.F.);
#239 = ORIENTED_EDGE('',*,*,#240,.F.);
#240 = EDGE_CURVE('',#241,#191,#243,.T.);
#241 = VERTEX_POINT('',#242);
#242 = CARTESIAN_POINT('',(9.,-9.149999999998,0.));
#243 = LINE('',#244,#245);
#244 = CARTESIAN_POINT('',(9.5,-9.149999999998,0.));
#245 = VECTOR('',#246,1.);
#246 = DIRECTION('',(-1.,0.,0.));
#247 = ORIENTED_EDGE('',*,*,#248,.T.);
#248 = EDGE_CURVE('',#241,#96,#249,.T.);
#249 = LINE('',#250,#251);
#250 = CARTESIAN_POINT('',(9.,-9.149999999998,0.));
#251 = VECTOR('',#252,1.);
#252 = DIRECTION('',(0.,0.,1.));
#253 = PLANE('',#254);
#254 = AXIS2_PLACEMENT_3D('',#255,#256,#257);
#255 = CARTESIAN_POINT('',(0.,-9.149999999998,5.));
#256 = DIRECTION('',(-0.,-1.,-0.));
#257 = DIRECTION('',(0.,0.,-1.));
#258 = ADVANCED_FACE('',(#259),#277,.T.);
#259 = FACE_BOUND('',#260,.T.);
#260 = EDGE_LOOP('',(#261,#262,#270,#276));
#261 = ORIENTED_EDGE('',*,*,#39,.T.);
#262 = ORIENTED_EDGE('',*,*,#263,.F.);
#263 = EDGE_CURVE('',#264,#40,#266,.T.);
#264 = VERTEX_POINT('',#265);
#265 = CARTESIAN_POINT('',(-9.848623091948,8.791584124571,0.));
#266 = LINE('',#267,#268);
#267 = CARTESIAN_POINT('',(-9.848623091948,8.791584124571,0.));
#268 = VECTOR('',#269,1.);
#269 = DIRECTION('',(0.,0.,1.));
#270 = ORIENTED_EDGE('',*,*,#271,.F.);
#271 = EDGE_CURVE('',#215,#264,#272,.T.);
#272 = LINE('',#273,#274);
#273 = CARTESIAN_POINT('',(-18.4,0.,0.));
#274 = VECTOR('',#275,1.);
#275 = DIRECTION('',(0.697246183897,0.71683175086,0.));
#276 = ORIENTED_EDGE('',*,*,#224,.T.);
#277 = PLANE('',#278);
#278 = AXIS2_PLACEMENT_3D('',#279,#280,#281);
#279 = CARTESIAN_POINT('',(-13.95,4.575,5.));
#280 = DIRECTION('',(-0.71683175086,0.697246183897,5.823E-14));
#281 = DIRECTION('',(-0.697246183897,-0.71683175086,0.));
#282 = ADVANCED_FACE('',(#283),#301,.T.);
#283 = FACE_BOUND('',#284,.F.);
#284 = EDGE_LOOP('',(#285,#293,#294,#295));
#285 = ORIENTED_EDGE('',*,*,#286,.F.);
#286 = EDGE_CURVE('',#241,#287,#289,.T.);
#287 = VERTEX_POINT('',#288);
#288 = CARTESIAN_POINT('',(9.848623091948,-8.791584124568,0.));
#289 = LINE('',#290,#291);
#290 = CARTESIAN_POINT('',(7.033104489312,-9.98071811624,0.));
#291 = VECTOR('',#292,1.);
#292 = DIRECTION('',(0.921207409842,0.389071854612,0.));
#293 = ORIENTED_EDGE('',*,*,#248,.T.);
#294 = ORIENTED_EDGE('',*,*,#95,.T.);
#295 = ORIENTED_EDGE('',*,*,#296,.F.);
#296 = EDGE_CURVE('',#287,#88,#297,.T.);
#297 = LINE('',#298,#299);
#298 = CARTESIAN_POINT('',(9.848623091948,-8.791584124568,0.));
#299 = VECTOR('',#300,1.);
#300 = DIRECTION('',(0.,0.,1.));
#301 = PLANE('',#302);
#302 = AXIS2_PLACEMENT_3D('',#303,#304,#305);
#303 = CARTESIAN_POINT('',(9.424311545974,-8.970792062283,0.));
#304 = DIRECTION('',(0.389071854612,-0.921207409842,0.));
#305 = DIRECTION('',(-0.,-0.,-1.));
#306 = ADVANCED_FACE('',(#307),#325,.T.);
#307 = FACE_BOUND('',#308,.F.);
#308 = EDGE_LOOP('',(#309,#317,#323,#324));
#309 = ORIENTED_EDGE('',*,*,#310,.F.);
#310 = EDGE_CURVE('',#311,#264,#313,.T.);
#311 = VERTEX_POINT('',#312);
#312 = CARTESIAN_POINT('',(-9.,9.150000000001,0.));
#313 = LINE('',#314,#315);
#314 = CARTESIAN_POINT('',(-7.033104489312,9.980718116243,0.));
#315 = VECTOR('',#316,1.);
#316 = DIRECTION('',(-0.921207409842,-0.389071854613,0.));
#317 = ORIENTED_EDGE('',*,*,#318,.T.);
#318 = EDGE_CURVE('',#311,#48,#319,.T.);
#319 = LINE('',#320,#321);
#320 = CARTESIAN_POINT('',(-9.,9.150000000001,0.));
#321 = VECTOR('',#322,1.);
#322 = DIRECTION('',(0.,0.,1.));
#323 = ORIENTED_EDGE('',*,*,#47,.T.);
#324 = ORIENTED_EDGE('',*,*,#263,.F.);
#325 = PLANE('',#326);
#326 = AXIS2_PLACEMENT_3D('',#327,#328,#329);
#327 = CARTESIAN_POINT('',(-9.424311545974,8.970792062286,0.));
#328 = DIRECTION('',(-0.389071854613,0.921207409842,7.951E-14));
#329 = DIRECTION('',(-3.09326366777E-14,7.324624287521E-14,-1.));
#330 = ADVANCED_FACE('',(#331),#349,.T.);
#331 = FACE_BOUND('',#332,.T.);
#332 = EDGE_LOOP('',(#333,#334,#335,#343));
#333 = ORIENTED_EDGE('',*,*,#87,.T.);
#334 = ORIENTED_EDGE('',*,*,#296,.F.);
#335 = ORIENTED_EDGE('',*,*,#336,.F.);
#336 = EDGE_CURVE('',#337,#287,#339,.T.);
#337 = VERTEX_POINT('',#338);
#338 = CARTESIAN_POINT('',(18.051376908052,-0.35841587543,0.));
#339 = LINE('',#340,#341);
#340 = CARTESIAN_POINT('',(18.4,0.,0.));
#341 = VECTOR('',#342,1.);
#342 = DIRECTION('',(-0.697246183897,-0.71683175086,0.));
#343 = ORIENTED_EDGE('',*,*,#344,.T.);
#344 = EDGE_CURVE('',#337,#80,#345,.T.);
#345 = LINE('',#346,#347);
#346 = CARTESIAN_POINT('',(18.051376908052,-0.35841587543,0.));
#347 = VECTOR('',#348,1.);
#348 = DIRECTION('',(0.,0.,1.));
#349 = PLANE('',#350);
#350 = AXIS2_PLACEMENT_3D('',#351,#352,#353);
#351 = CARTESIAN_POINT('',(13.95,-4.574999999999,5.));
#352 = DIRECTION('',(0.71683175086,-0.697246183897,0.));
#353 = DIRECTION('',(0.697246183897,0.71683175086,0.));
#354 = ADVANCED_FACE('',(#355),#373,.T.);
#355 = FACE_BOUND('',#356,.T.);
#356 = EDGE_LOOP('',(#357,#358,#366,#372));
#357 = ORIENTED_EDGE('',*,*,#55,.T.);
#358 = ORIENTED_EDGE('',*,*,#359,.F.);
#359 = EDGE_CURVE('',#360,#56,#362,.T.);
#360 = VERTEX_POINT('',#361);
#361 = CARTESIAN_POINT('',(9.,9.150000000002,0.));
#362 = LINE('',#363,#364);
#363 = CARTESIAN_POINT('',(9.,9.150000000002,0.));
#364 = VECTOR('',#365,1.);
#365 = DIRECTION('',(0.,0.,1.));
#366 = ORIENTED_EDGE('',*,*,#367,.F.);
#367 = EDGE_CURVE('',#311,#360,#368,.T.);
#368 = LINE('',#369,#370);
#369 = CARTESIAN_POINT('',(-9.5,9.150000000002,0.));
#370 = VECTOR('',#371,1.);
#371 = DIRECTION('',(1.,0.,0.));
#372 = ORIENTED_EDGE('',*,*,#318,.T.);
#373 = PLANE('',#374);
#374 = AXIS2_PLACEMENT_3D('',#375,#376,#377);
#375 = CARTESIAN_POINT('',(0.,9.150000000001,5.));
#376 = DIRECTION('',(-6.499E-14,1.,8.804E-14));
#377 = DIRECTION('',(0.,-8.804E-14,1.));
#378 = ADVANCED_FACE('',(#379),#397,.T.);
#379 = FACE_BOUND('',#380,.F.);
#380 = EDGE_LOOP('',(#381,#389,#390,#391));
#381 = ORIENTED_EDGE('',*,*,#382,.F.);
#382 = EDGE_CURVE('',#337,#383,#385,.T.);
#383 = VERTEX_POINT('',#384);
#384 = CARTESIAN_POINT('',(18.051376908052,0.35841587543,0.));
#385 = LINE('',#386,#387);
#386 = CARTESIAN_POINT('',(18.051376908052,-3.0144E-13,0.));
#387 = VECTOR('',#388,1.);
#388 = DIRECTION('',(1.1399E-13,1.,0.));
#389 = ORIENTED_EDGE('',*,*,#344,.T.);
#390 = ORIENTED_EDGE('',*,*,#79,.T.);
#391 = ORIENTED_EDGE('',*,*,#392,.F.);
#392 = EDGE_CURVE('',#383,#72,#393,.T.);
#393 = LINE('',#394,#395);
#394 = CARTESIAN_POINT('',(18.051376908052,0.35841587543,0.));
#395 = VECTOR('',#396,1.);
#396 = DIRECTION('',(0.,0.,1.));
#397 = PLANE('',#398);
#398 = AXIS2_PLACEMENT_3D('',#399,#400,#401);
#399 = CARTESIAN_POINT('',(18.051376908052,4.027E-14,0.));
#400 = DIRECTION('',(1.,-1.1399E-13,0.));
#401 = DIRECTION('',(-0.,-0.,-1.));
#402 = ADVANCED_FACE('',(#403),#421,.T.);
#403 = FACE_BOUND('',#404,.F.);
#404 = EDGE_LOOP('',(#405,#413,#419,#420));
#405 = ORIENTED_EDGE('',*,*,#406,.F.);
#406 = EDGE_CURVE('',#407,#360,#409,.T.);
#407 = VERTEX_POINT('',#408);
#408 = CARTESIAN_POINT('',(9.848623091948,8.791584124572,0.));
#409 = LINE('',#410,#411);
#410 = CARTESIAN_POINT('',(7.033104489312,9.980718116244,0.));
#411 = VECTOR('',#412,1.);
#412 = DIRECTION('',(-0.921207409842,0.389071854612,0.));
#413 = ORIENTED_EDGE('',*,*,#414,.T.);
#414 = EDGE_CURVE('',#407,#64,#415,.T.);
#415 = LINE('',#416,#417);
#416 = CARTESIAN_POINT('',(9.848623091948,8.791584124572,0.));
#417 = VECTOR('',#418,1.);
#418 = DIRECTION('',(0.,0.,1.));
#419 = ORIENTED_EDGE('',*,*,#63,.T.);
#420 = ORIENTED_EDGE('',*,*,#359,.F.);
#421 = PLANE('',#422);
#422 = AXIS2_PLACEMENT_3D('',#423,#424,#425);
#423 = CARTESIAN_POINT('',(9.424311545974,8.970792062287,0.));
#424 = DIRECTION('',(0.389071854612,0.921207409842,4.785E-14));
#425 = DIRECTION('',(1.861947842633E-14,4.407876506736E-14,-1.));
#426 = ADVANCED_FACE('',(#427),#438,.T.);
#427 = FACE_BOUND('',#428,.T.);
#428 = EDGE_LOOP('',(#429,#430,#431,#437));
#429 = ORIENTED_EDGE('',*,*,#71,.T.);
#430 = ORIENTED_EDGE('',*,*,#392,.F.);
#431 = ORIENTED_EDGE('',*,*,#432,.F.);
#432 = EDGE_CURVE('',#407,#383,#433,.T.);
#433 = LINE('',#434,#435);
#434 = CARTESIAN_POINT('',(9.5,9.150000000002,0.));
#435 = VECTOR('',#436,1.);
#436 = DIRECTION('',(0.697246183897,-0.71683175086,0.));
#437 = ORIENTED_EDGE('',*,*,#414,.T.);
#438 = PLANE('',#439);
#439 = AXIS2_PLACEMENT_3D('',#440,#441,#442);
#440 = CARTESIAN_POINT('',(13.95,4.575000000001,5.));
#441 = DIRECTION('',(0.71683175086,0.697246183897,0.));
#442 = DIRECTION('',(-0.697246183897,0.71683175086,0.));
#443 = ADVANCED_FACE('',(#444),#469,.F.);
#444 = FACE_BOUND('',#445,.F.);
#445 = EDGE_LOOP('',(#446,#456,#462,#463));
#446 = ORIENTED_EDGE('',*,*,#447,.T.);
#447 = EDGE_CURVE('',#448,#450,#452,.T.);
#448 = VERTEX_POINT('',#449);
#449 = CARTESIAN_POINT('',(18.5,20.,11.5));
#450 = VERTEX_POINT('',#451);
#451 = CARTESIAN_POINT('',(-18.5,20.,11.5));
#452 = LINE('',#453,#454);
#453 = CARTESIAN_POINT('',(20.,20.,11.5));
#454 = VECTOR('',#455,1.);
#455 = DIRECTION('',(-1.,0.,0.));
#456 = ORIENTED_EDGE('',*,*,#457,.F.);
#457 = EDGE_CURVE('',#122,#450,#458,.T.);
#458 = LINE('',#459,#460);
#459 = CARTESIAN_POINT('',(-18.5,19.25,10.75));
#460 = VECTOR('',#461,1.);
#461 = DIRECTION('',(0.,0.707106781187,0.707106781187));
#462 = ORIENTED_EDGE('',*,*,#119,.F.);
#463 = ORIENTED_EDGE('',*,*,#464,.T.);
#464 = EDGE_CURVE('',#120,#448,#465,.T.);
#465 = LINE('',#466,#467);
#466 = CARTESIAN_POINT('',(18.5,19.25,10.75));
#467 = VECTOR('',#468,1.);
#468 = DIRECTION('',(0.,0.707106781187,0.707106781187));
#469 = PLANE('',#470);
#470 = AXIS2_PLACEMENT_3D('',#471,#472,#473);
#471 = CARTESIAN_POINT('',(20.,19.25,10.75));
#472 = DIRECTION('',(0.,-0.707106781187,0.707106781187));
#473 = DIRECTION('',(-1.,0.,0.));
#474 = ADVANCED_FACE('',(#475),#500,.F.);
#475 = FACE_BOUND('',#476,.F.);
#476 = EDGE_LOOP('',(#477,#487,#493,#494));
#477 = ORIENTED_EDGE('',*,*,#478,.T.);
#478 = EDGE_CURVE('',#479,#481,#483,.T.);
#479 = VERTEX_POINT('',#480);
#480 = CARTESIAN_POINT('',(20.,-18.5,11.5));
#481 = VERTEX_POINT('',#482);
#482 = CARTESIAN_POINT('',(20.,18.5,11.5));
#483 = LINE('',#484,#485);
#484 = CARTESIAN_POINT('',(20.,-20.,11.5));
#485 = VECTOR('',#486,1.);
#486 = DIRECTION('',(0.,1.,0.));
#487 = ORIENTED_EDGE('',*,*,#488,.T.);
#488 = EDGE_CURVE('',#481,#120,#489,.T.);
#489 = LINE('',#490,#491);
#490 = CARTESIAN_POINT('',(19.625,18.5,11.125));
#491 = VECTOR('',#492,1.);
#492 = DIRECTION('',(-0.707106781187,-0.,-0.707106781187));
#493 = ORIENTED_EDGE('',*,*,#145,.F.);
#494 = ORIENTED_EDGE('',*,*,#495,.T.);
#495 = EDGE_CURVE('',#138,#479,#496,.T.);
#496 = LINE('',#497,#498);
#497 = CARTESIAN_POINT('',(19.25,-18.5,10.75));
#498 = VECTOR('',#499,1.);
#499 = DIRECTION('',(0.707106781187,0.,0.707106781187));
#500 = PLANE('',#501);
#501 = AXIS2_PLACEMENT_3D('',#502,#503,#504);
#502 = CARTESIAN_POINT('',(19.25,-20.,10.75));
#503 = DIRECTION('',(-0.707106781187,0.,0.707106781187));
#504 = DIRECTION('',(0.,1.,0.));
#505 = ADVANCED_FACE('',(#506),#531,.F.);
#506 = FACE_BOUND('',#507,.F.);
#507 = EDGE_LOOP('',(#508,#516,#524,#530));
#508 = ORIENTED_EDGE('',*,*,#509,.F.);
#509 = EDGE_CURVE('',#510,#122,#512,.T.);
#510 = VERTEX_POINT('',#511);
#511 = CARTESIAN_POINT('',(-20.,18.5,11.5));
#512 = LINE('',#513,#514);
#513 = CARTESIAN_POINT('',(-19.625,18.5,11.125));
#514 = VECTOR('',#515,1.);
#515 = DIRECTION('',(0.707106781187,0.,-0.707106781187));
#516 = ORIENTED_EDGE('',*,*,#517,.T.);
#517 = EDGE_CURVE('',#510,#518,#520,.T.);
#518 = VERTEX_POINT('',#519);
#519 = CARTESIAN_POINT('',(-20.,-18.5,11.5));
#520 = LINE('',#521,#522);
#521 = CARTESIAN_POINT('',(-20.,20.,11.5));
#522 = VECTOR('',#523,1.);
#523 = DIRECTION('',(0.,-1.,0.));
#524 = ORIENTED_EDGE('',*,*,#525,.T.);
#525 = EDGE_CURVE('',#518,#130,#526,.T.);
#526 = LINE('',#527,#528);
#527 = CARTESIAN_POINT('',(-19.625,-18.5,11.125));
#528 = VECTOR('',#529,1.);
#529 = DIRECTION('',(0.707106781187,0.,-0.707106781187));
#530 = ORIENTED_EDGE('',*,*,#129,.F.);
#531 = PLANE('',#532);
#532 = AXIS2_PLACEMENT_3D('',#533,#534,#535);
#533 = CARTESIAN_POINT('',(-19.25,20.,10.75));
#534 = DIRECTION('',(0.707106781187,0.,0.707106781187));
#535 = DIRECTION('',(0.,-1.,0.));
#536 = ADVANCED_FACE('',(#537),#562,.F.);
#537 = FACE_BOUND('',#538,.F.);
#538 = EDGE_LOOP('',(#539,#549,#555,#556));
#539 = ORIENTED_EDGE('',*,*,#540,.T.);
#540 = EDGE_CURVE('',#541,#543,#545,.T.);
#541 = VERTEX_POINT('',#542);
#542 = CARTESIAN_POINT('',(-18.5,-20.,11.5));
#543 = VERTEX_POINT('',#544);
#544 = CARTESIAN_POINT('',(18.5,-20.,11.5));
#545 = LINE('',#546,#547);
#546 = CARTESIAN_POINT('',(-20.,-20.,11.5));
#547 = VECTOR('',#548,1.);
#548 = DIRECTION('',(1.,0.,0.));
#549 = ORIENTED_EDGE('',*,*,#550,.T.);
#550 = EDGE_CURVE('',#543,#138,#551,.T.);
#551 = LINE('',#552,#553);
#552 = CARTESIAN_POINT('',(18.5,-19.625,11.125));
#553 = VECTOR('',#554,1.);
#554 = DIRECTION('',(0.,0.707106781187,-0.707106781187));
#555 = ORIENTED_EDGE('',*,*,#137,.F.);
#556 = ORIENTED_EDGE('',*,*,#557,.T.);
#557 = EDGE_CURVE('',#130,#541,#558,.T.);
#558 = LINE('',#559,#560);
#559 = CARTESIAN_POINT('',(-18.5,-19.25,10.75));
#560 = VECTOR('',#561,1.);
#561 = DIRECTION('',(0.,-0.707106781187,0.707106781187));
#562 = PLANE('',#563);
#563 = AXIS2_PLACEMENT_3D('',#564,#565,#566);
#564 = CARTESIAN_POINT('',(-20.,-19.25,10.75));
#565 = DIRECTION('',(0.,0.707106781187,0.707106781187));
#566 = DIRECTION('',(1.,0.,0.));
#567 = ADVANCED_FACE('',(#568,#582,#593),#604,.F.);
#568 = FACE_BOUND('',#569,.F.);
#569 = EDGE_LOOP('',(#570,#571,#572,#573,#574,#575,#576,#577,#578,#579,
    #580,#581));
#570 = ORIENTED_EDGE('',*,*,#367,.F.);
#571 = ORIENTED_EDGE('',*,*,#310,.T.);
#572 = ORIENTED_EDGE('',*,*,#271,.F.);
#573 = ORIENTED_EDGE('',*,*,#214,.F.);
#574 = ORIENTED_EDGE('',*,*,#168,.F.);
#575 = ORIENTED_EDGE('',*,*,#190,.T.);
#576 = ORIENTED_EDGE('',*,*,#240,.F.);
#577 = ORIENTED_EDGE('',*,*,#286,.T.);
#578 = ORIENTED_EDGE('',*,*,#336,.F.);
#579 = ORIENTED_EDGE('',*,*,#382,.T.);
#580 = ORIENTED_EDGE('',*,*,#432,.F.);
#581 = ORIENTED_EDGE('',*,*,#406,.T.);
#582 = FACE_BOUND('',#583,.T.);
#583 = EDGE_LOOP('',(#584));
#584 = ORIENTED_EDGE('',*,*,#585,.T.);
#585 = EDGE_CURVE('',#586,#586,#588,.T.);
#586 = VERTEX_POINT('',#587);
#587 = CARTESIAN_POINT('',(-7.4,0.,0.));
#588 = CIRCLE('',#589,2.1);
#589 = AXIS2_PLACEMENT_3D('',#590,#591,#592);
#590 = CARTESIAN_POINT('',(-9.5,0.,0.));
#591 = DIRECTION('',(0.,0.,1.));
#592 = DIRECTION('',(1.,0.,0.));
#593 = FACE_BOUND('',#594,.T.);
#594 = EDGE_LOOP('',(#595));
#595 = ORIENTED_EDGE('',*,*,#596,.T.);
#596 = EDGE_CURVE('',#597,#597,#599,.T.);
#597 = VERTEX_POINT('',#598);
#598 = CARTESIAN_POINT('',(11.6,0.,0.));
#599 = CIRCLE('',#600,2.1);
#600 = AXIS2_PLACEMENT_3D('',#601,#602,#603);
#601 = CARTESIAN_POINT('',(9.5,0.,0.));
#602 = DIRECTION('',(0.,0.,1.));
#603 = DIRECTION('',(1.,0.,0.));
#604 = PLANE('',#605);
#605 = AXIS2_PLACEMENT_3D('',#606,#607,#608);
#606 = CARTESIAN_POINT('',(2.69E-15,1.41454E-12,0.));
#607 = DIRECTION('',(0.,0.,1.));
#608 = DIRECTION('',(1.,0.,0.));
#609 = ADVANCED_FACE('',(#610),#635,.T.);
#610 = FACE_BOUND('',#611,.T.);
#611 = EDGE_LOOP('',(#612,#622,#628,#629));
#612 = ORIENTED_EDGE('',*,*,#613,.F.);
#613 = EDGE_CURVE('',#614,#616,#618,.T.);
#614 = VERTEX_POINT('',#615);
#615 = CARTESIAN_POINT('',(18.5,20.,27.));
#616 = VERTEX_POINT('',#617);
#617 = CARTESIAN_POINT('',(-18.5,20.,27.));
#618 = LINE('',#619,#620);
#619 = CARTESIAN_POINT('',(20.,20.,27.));
#620 = VECTOR('',#621,1.);
#621 = DIRECTION('',(-1.,0.,0.));
#622 = ORIENTED_EDGE('',*,*,#623,.F.);
#623 = EDGE_CURVE('',#448,#614,#624,.T.);
#624 = LINE('',#625,#626);
#625 = CARTESIAN_POINT('',(18.5,20.,10.));
#626 = VECTOR('',#627,1.);
#627 = DIRECTION('',(0.,0.,1.));
#628 = ORIENTED_EDGE('',*,*,#447,.T.);
#629 = ORIENTED_EDGE('',*,*,#630,.T.);
#630 = EDGE_CURVE('',#450,#616,#631,.T.);
#631 = LINE('',#632,#633);
#632 = CARTESIAN_POINT('',(-18.5,20.,10.));
#633 = VECTOR('',#634,1.);
#634 = DIRECTION('',(0.,0.,1.));
#635 = PLANE('',#636);
#636 = AXIS2_PLACEMENT_3D('',#637,#638,#639);
#637 = CARTESIAN_POINT('',(0.,20.,18.5));
#638 = DIRECTION('',(0.,1.,0.));
#639 = DIRECTION('',(0.,0.,1.));
#640 = ADVANCED_FACE('',(#641),#651,.F.);
#641 = FACE_BOUND('',#642,.F.);
#642 = EDGE_LOOP('',(#643,#644,#650));
#643 = ORIENTED_EDGE('',*,*,#488,.F.);
#644 = ORIENTED_EDGE('',*,*,#645,.T.);
#645 = EDGE_CURVE('',#481,#448,#646,.T.);
#646 = LINE('',#647,#648);
#647 = CARTESIAN_POINT('',(19.625,18.875,11.5));
#648 = VECTOR('',#649,1.);
#649 = DIRECTION('',(-0.707106781187,0.707106781187,0.));
#650 = ORIENTED_EDGE('',*,*,#464,.F.);
#651 = PLANE('',#652);
#652 = AXIS2_PLACEMENT_3D('',#653,#654,#655);
#653 = CARTESIAN_POINT('',(20.,18.5,11.5));
#654 = DIRECTION('',(-0.57735026919,-0.57735026919,0.57735026919));
#655 = DIRECTION('',(0.,0.707106781187,0.707106781187));
#656 = ADVANCED_FACE('',(#657),#667,.T.);
#657 = FACE_BOUND('',#658,.T.);
#658 = EDGE_LOOP('',(#659,#660,#666));
#659 = ORIENTED_EDGE('',*,*,#509,.F.);
#660 = ORIENTED_EDGE('',*,*,#661,.T.);
#661 = EDGE_CURVE('',#510,#450,#662,.T.);
#662 = LINE('',#663,#664);
#663 = CARTESIAN_POINT('',(-19.625,18.875,11.5));
#664 = VECTOR('',#665,1.);
#665 = DIRECTION('',(0.707106781187,0.707106781187,0.));
#666 = ORIENTED_EDGE('',*,*,#457,.F.);
#667 = PLANE('',#668);
#668 = AXIS2_PLACEMENT_3D('',#669,#670,#671);
#669 = CARTESIAN_POINT('',(-20.,18.5,11.5));
#670 = DIRECTION('',(-0.57735026919,0.57735026919,-0.57735026919));
#671 = DIRECTION('',(0.,0.707106781187,0.707106781187));
#672 = ADVANCED_FACE('',(#673),#698,.T.);
#673 = FACE_BOUND('',#674,.T.);
#674 = EDGE_LOOP('',(#675,#685,#691,#692));
#675 = ORIENTED_EDGE('',*,*,#676,.F.);
#676 = EDGE_CURVE('',#677,#679,#681,.T.);
#677 = VERTEX_POINT('',#678);
#678 = CARTESIAN_POINT('',(20.,-18.5,27.));
#679 = VERTEX_POINT('',#680);
#680 = CARTESIAN_POINT('',(20.,18.5,27.));
#681 = LINE('',#682,#683);
#682 = CARTESIAN_POINT('',(20.,-20.,27.));
#683 = VECTOR('',#684,1.);
#684 = DIRECTION('',(0.,1.,0.));
#685 = ORIENTED_EDGE('',*,*,#686,.F.);
#686 = EDGE_CURVE('',#479,#677,#687,.T.);
#687 = LINE('',#688,#689);
#688 = CARTESIAN_POINT('',(20.,-18.5,10.));
#689 = VECTOR('',#690,1.);
#690 = DIRECTION('',(0.,0.,1.));
#691 = ORIENTED_EDGE('',*,*,#478,.T.);
#692 = ORIENTED_EDGE('',*,*,#693,.T.);
#693 = EDGE_CURVE('',#481,#679,#694,.T.);
#694 = LINE('',#695,#696);
#695 = CARTESIAN_POINT('',(20.,18.5,10.));
#696 = VECTOR('',#697,1.);
#697 = DIRECTION('',(0.,0.,1.));
#698 = PLANE('',#699);
#699 = AXIS2_PLACEMENT_3D('',#700,#701,#702);
#700 = CARTESIAN_POINT('',(20.,0.,18.5));
#701 = DIRECTION('',(1.,0.,0.));
#702 = DIRECTION('',(0.,0.,1.));
#703 = ADVANCED_FACE('',(#704),#714,.F.);
#704 = FACE_BOUND('',#705,.F.);
#705 = EDGE_LOOP('',(#706,#707,#713));
#706 = ORIENTED_EDGE('',*,*,#550,.F.);
#707 = ORIENTED_EDGE('',*,*,#708,.T.);
#708 = EDGE_CURVE('',#543,#479,#709,.T.);
#709 = LINE('',#710,#711);
#710 = CARTESIAN_POINT('',(18.875,-19.625,11.5));
#711 = VECTOR('',#712,1.);
#712 = DIRECTION('',(0.707106781187,0.707106781187,0.));
#713 = ORIENTED_EDGE('',*,*,#495,.F.);
#714 = PLANE('',#715);
#715 = AXIS2_PLACEMENT_3D('',#716,#717,#718);
#716 = CARTESIAN_POINT('',(18.5,-20.,11.5));
#717 = DIRECTION('',(-0.57735026919,0.57735026919,0.57735026919));
#718 = DIRECTION('',(0.707106781187,0.,0.707106781187));
#719 = ADVANCED_FACE('',(#720),#745,.T.);
#720 = FACE_BOUND('',#721,.T.);
#721 = EDGE_LOOP('',(#722,#732,#738,#739));
#722 = ORIENTED_EDGE('',*,*,#723,.F.);
#723 = EDGE_CURVE('',#724,#726,#728,.T.);
#724 = VERTEX_POINT('',#725);
#725 = CARTESIAN_POINT('',(-20.,18.5,27.));
#726 = VERTEX_POINT('',#727);
#727 = CARTESIAN_POINT('',(-20.,-18.5,27.));
#728 = LINE('',#729,#730);
#729 = CARTESIAN_POINT('',(-20.,20.,27.));
#730 = VECTOR('',#731,1.);
#731 = DIRECTION('',(0.,-1.,0.));
#732 = ORIENTED_EDGE('',*,*,#733,.F.);
#733 = EDGE_CURVE('',#510,#724,#734,.T.);
#734 = LINE('',#735,#736);
#735 = CARTESIAN_POINT('',(-20.,18.5,10.));
#736 = VECTOR('',#737,1.);
#737 = DIRECTION('',(0.,0.,1.));
#738 = ORIENTED_EDGE('',*,*,#517,.T.);
#739 = ORIENTED_EDGE('',*,*,#740,.T.);
#740 = EDGE_CURVE('',#518,#726,#741,.T.);
#741 = LINE('',#742,#743);
#742 = CARTESIAN_POINT('',(-20.,-18.5,10.));
#743 = VECTOR('',#744,1.);
#744 = DIRECTION('',(0.,0.,1.));
#745 = PLANE('',#746);
#746 = AXIS2_PLACEMENT_3D('',#747,#748,#749);
#747 = CARTESIAN_POINT('',(-20.,0.,18.5));
#748 = DIRECTION('',(-1.,-0.,-0.));
#749 = DIRECTION('',(0.,0.,-1.));
#750 = ADVANCED_FACE('',(#751),#761,.F.);
#751 = FACE_BOUND('',#752,.F.);
#752 = EDGE_LOOP('',(#753,#754,#760));
#753 = ORIENTED_EDGE('',*,*,#525,.F.);
#754 = ORIENTED_EDGE('',*,*,#755,.T.);
#755 = EDGE_CURVE('',#518,#541,#756,.T.);
#756 = LINE('',#757,#758);
#757 = CARTESIAN_POINT('',(-19.625,-18.875,11.5));
#758 = VECTOR('',#759,1.);
#759 = DIRECTION('',(0.707106781187,-0.707106781187,0.));
#760 = ORIENTED_EDGE('',*,*,#557,.F.);
#761 = PLANE('',#762);
#762 = AXIS2_PLACEMENT_3D('',#763,#764,#765);
#763 = CARTESIAN_POINT('',(-20.,-18.5,11.5));
#764 = DIRECTION('',(0.57735026919,0.57735026919,0.57735026919));
#765 = DIRECTION('',(0.,-0.707106781187,0.707106781187));
#766 = ADVANCED_FACE('',(#767),#792,.T.);
#767 = FACE_BOUND('',#768,.T.);
#768 = EDGE_LOOP('',(#769,#779,#785,#786));
#769 = ORIENTED_EDGE('',*,*,#770,.F.);
#770 = EDGE_CURVE('',#771,#773,#775,.T.);
#771 = VERTEX_POINT('',#772);
#772 = CARTESIAN_POINT('',(-18.5,-20.,27.));
#773 = VERTEX_POINT('',#774);
#774 = CARTESIAN_POINT('',(18.5,-20.,27.));
#775 = LINE('',#776,#777);
#776 = CARTESIAN_POINT('',(-20.,-20.,27.));
#777 = VECTOR('',#778,1.);
#778 = DIRECTION('',(1.,0.,0.));
#779 = ORIENTED_EDGE('',*,*,#780,.F.);
#780 = EDGE_CURVE('',#541,#771,#781,.T.);
#781 = LINE('',#782,#783);
#782 = CARTESIAN_POINT('',(-18.5,-20.,10.));
#783 = VECTOR('',#784,1.);
#784 = DIRECTION('',(0.,0.,1.));
#785 = ORIENTED_EDGE('',*,*,#540,.T.);
#786 = ORIENTED_EDGE('',*,*,#787,.T.);
#787 = EDGE_CURVE('',#543,#773,#788,.T.);
#788 = LINE('',#789,#790);
#789 = CARTESIAN_POINT('',(18.5,-20.,10.));
#790 = VECTOR('',#791,1.);
#791 = DIRECTION('',(0.,0.,1.));
#792 = PLANE('',#793);
#793 = AXIS2_PLACEMENT_3D('',#794,#795,#796);
#794 = CARTESIAN_POINT('',(0.,-20.,18.5));
#795 = DIRECTION('',(-0.,-1.,-0.));
#796 = DIRECTION('',(0.,0.,-1.));
#797 = ADVANCED_FACE('',(#798),#817,.F.);
#798 = FACE_BOUND('',#799,.T.);
#799 = EDGE_LOOP('',(#800,#808,#815,#816));
#800 = ORIENTED_EDGE('',*,*,#801,.T.);
#801 = EDGE_CURVE('',#586,#802,#804,.T.);
#802 = VERTEX_POINT('',#803);
#803 = CARTESIAN_POINT('',(-7.4,0.,2.));
#804 = LINE('',#805,#806);
#805 = CARTESIAN_POINT('',(-7.4,0.,0.));
#806 = VECTOR('',#807,1.);
#807 = DIRECTION('',(0.,0.,1.));
#808 = ORIENTED_EDGE('',*,*,#809,.T.);
#809 = EDGE_CURVE('',#802,#802,#810,.T.);
#810 = CIRCLE('',#811,2.1);
#811 = AXIS2_PLACEMENT_3D('',#812,#813,#814);
#812 = CARTESIAN_POINT('',(-9.5,0.,2.));
#813 = DIRECTION('',(0.,0.,1.));
#814 = DIRECTION('',(1.,0.,0.));
#815 = ORIENTED_EDGE('',*,*,#801,.F.);
#816 = ORIENTED_EDGE('',*,*,#585,.F.);
#817 = CYLINDRICAL_SURFACE('',#818,2.1);
#818 = AXIS2_PLACEMENT_3D('',#819,#820,#821);
#819 = CARTESIAN_POINT('',(-9.5,0.,0.));
#820 = DIRECTION('',(-0.,-0.,-1.));
#821 = DIRECTION('',(1.,0.,0.));
#822 = ADVANCED_FACE('',(#823),#842,.F.);
#823 = FACE_BOUND('',#824,.T.);
#824 = EDGE_LOOP('',(#825,#833,#840,#841));
#825 = ORIENTED_EDGE('',*,*,#826,.T.);
#826 = EDGE_CURVE('',#597,#827,#829,.T.);
#827 = VERTEX_POINT('',#828);
#828 = CARTESIAN_POINT('',(11.6,0.,2.));
#829 = LINE('',#830,#831);
#830 = CARTESIAN_POINT('',(11.6,0.,0.));
#831 = VECTOR('',#832,1.);
#832 = DIRECTION('',(0.,0.,1.));
#833 = ORIENTED_EDGE('',*,*,#834,.T.);
#834 = EDGE_CURVE('',#827,#827,#835,.T.);
#835 = CIRCLE('',#836,2.1);
#836 = AXIS2_PLACEMENT_3D('',#837,#838,#839);
#837 = CARTESIAN_POINT('',(9.5,0.,2.));
#838 = DIRECTION('',(0.,0.,1.));
#839 = DIRECTION('',(1.,0.,0.));
#840 = ORIENTED_EDGE('',*,*,#826,.F.);
#841 = ORIENTED_EDGE('',*,*,#596,.F.);
#842 = CYLINDRICAL_SURFACE('',#843,2.1);
#843 = AXIS2_PLACEMENT_3D('',#844,#845,#846);
#844 = CARTESIAN_POINT('',(9.5,0.,0.));
#845 = DIRECTION('',(-0.,-0.,-1.));
#846 = DIRECTION('',(1.,0.,0.));
#847 = ADVANCED_FACE('',(#848,#878),#912,.T.);
#848 = FACE_BOUND('',#849,.T.);
#849 = EDGE_LOOP('',(#850,#851,#857,#858,#864,#865,#871,#872));
#850 = ORIENTED_EDGE('',*,*,#723,.T.);
#851 = ORIENTED_EDGE('',*,*,#852,.T.);
#852 = EDGE_CURVE('',#726,#771,#853,.T.);
#853 = LINE('',#854,#855);
#854 = CARTESIAN_POINT('',(-19.25,-19.25,27.));
#855 = VECTOR('',#856,1.);
#856 = DIRECTION('',(0.707106781187,-0.707106781187,0.));
#857 = ORIENTED_EDGE('',*,*,#770,.T.);
#858 = ORIENTED_EDGE('',*,*,#859,.T.);
#859 = EDGE_CURVE('',#773,#677,#860,.T.);
#860 = LINE('',#861,#862);
#861 = CARTESIAN_POINT('',(19.25,-19.25,27.));
#862 = VECTOR('',#863,1.);
#863 = DIRECTION('',(0.707106781187,0.707106781187,0.));
#864 = ORIENTED_EDGE('',*,*,#676,.T.);
#865 = ORIENTED_EDGE('',*,*,#866,.F.);
#866 = EDGE_CURVE('',#614,#679,#867,.T.);
#867 = LINE('',#868,#869);
#868 = CARTESIAN_POINT('',(19.25,19.25,27.));
#869 = VECTOR('',#870,1.);
#870 = DIRECTION('',(0.707106781187,-0.707106781187,0.));
#871 = ORIENTED_EDGE('',*,*,#613,.T.);
#872 = ORIENTED_EDGE('',*,*,#873,.F.);
#873 = EDGE_CURVE('',#724,#616,#874,.T.);
#874 = LINE('',#875,#876);
#875 = CARTESIAN_POINT('',(-19.25,19.25,27.));
#876 = VECTOR('',#877,1.);
#877 = DIRECTION('',(0.707106781187,0.707106781187,0.));
#878 = FACE_BOUND('',#879,.T.);
#879 = EDGE_LOOP('',(#880,#890,#898,#906));
#880 = ORIENTED_EDGE('',*,*,#881,.F.);
#881 = EDGE_CURVE('',#882,#884,#886,.T.);
#882 = VERTEX_POINT('',#883);
#883 = CARTESIAN_POINT('',(-19.,19.,27.));
#884 = VERTEX_POINT('',#885);
#885 = CARTESIAN_POINT('',(-19.,-19.,27.));
#886 = LINE('',#887,#888);
#887 = CARTESIAN_POINT('',(-19.,19.,27.));
#888 = VECTOR('',#889,1.);
#889 = DIRECTION('',(0.,-1.,0.));
#890 = ORIENTED_EDGE('',*,*,#891,.F.);
#891 = EDGE_CURVE('',#892,#882,#894,.T.);
#892 = VERTEX_POINT('',#893);
#893 = CARTESIAN_POINT('',(19.,19.,27.));
#894 = LINE('',#895,#896);
#895 = CARTESIAN_POINT('',(19.,19.,27.));
#896 = VECTOR('',#897,1.);
#897 = DIRECTION('',(-1.,0.,0.));
#898 = ORIENTED_EDGE('',*,*,#899,.F.);
#899 = EDGE_CURVE('',#900,#892,#902,.T.);
#900 = VERTEX_POINT('',#901);
#901 = CARTESIAN_POINT('',(19.,-19.,27.));
#902 = LINE('',#903,#904);
#903 = CARTESIAN_POINT('',(19.,-19.,27.));
#904 = VECTOR('',#905,1.);
#905 = DIRECTION('',(0.,1.,0.));
#906 = ORIENTED_EDGE('',*,*,#907,.F.);
#907 = EDGE_CURVE('',#884,#900,#908,.T.);
#908 = LINE('',#909,#910);
#909 = CARTESIAN_POINT('',(-19.,-19.,27.));
#910 = VECTOR('',#911,1.);
#911 = DIRECTION('',(1.,0.,0.));
#912 = PLANE('',#913);
#913 = AXIS2_PLACEMENT_3D('',#914,#915,#916);
#914 = CARTESIAN_POINT('',(0.,0.,27.));
#915 = DIRECTION('',(0.,0.,1.));
#916 = DIRECTION('',(1.,0.,0.));
#917 = ADVANCED_FACE('',(#918),#924,.T.);
#918 = FACE_BOUND('',#919,.T.);
#919 = EDGE_LOOP('',(#920,#921,#922,#923));
#920 = ORIENTED_EDGE('',*,*,#645,.T.);
#921 = ORIENTED_EDGE('',*,*,#623,.T.);
#922 = ORIENTED_EDGE('',*,*,#866,.T.);
#923 = ORIENTED_EDGE('',*,*,#693,.F.);
#924 = PLANE('',#925);
#925 = AXIS2_PLACEMENT_3D('',#926,#927,#928);
#926 = CARTESIAN_POINT('',(19.25,19.25,10.));
#927 = DIRECTION('',(0.707106781187,0.707106781187,0.));
#928 = DIRECTION('',(0.,0.,1.));
#929 = ADVANCED_FACE('',(#930),#936,.T.);
#930 = FACE_BOUND('',#931,.T.);
#931 = EDGE_LOOP('',(#932,#933,#934,#935));
#932 = ORIENTED_EDGE('',*,*,#661,.F.);
#933 = ORIENTED_EDGE('',*,*,#733,.T.);
#934 = ORIENTED_EDGE('',*,*,#873,.T.);
#935 = ORIENTED_EDGE('',*,*,#630,.F.);
#936 = PLANE('',#937);
#937 = AXIS2_PLACEMENT_3D('',#938,#939,#940);
#938 = CARTESIAN_POINT('',(-19.25,19.25,10.));
#939 = DIRECTION('',(-0.707106781187,0.707106781187,0.));
#940 = DIRECTION('',(0.,0.,1.));
#941 = ADVANCED_FACE('',(#942),#948,.T.);
#942 = FACE_BOUND('',#943,.F.);
#943 = EDGE_LOOP('',(#944,#945,#946,#947));
#944 = ORIENTED_EDGE('',*,*,#708,.F.);
#945 = ORIENTED_EDGE('',*,*,#787,.T.);
#946 = ORIENTED_EDGE('',*,*,#859,.T.);
#947 = ORIENTED_EDGE('',*,*,#686,.F.);
#948 = PLANE('',#949);
#949 = AXIS2_PLACEMENT_3D('',#950,#951,#952);
#950 = CARTESIAN_POINT('',(19.25,-19.25,10.));
#951 = DIRECTION('',(0.707106781187,-0.707106781187,0.));
#952 = DIRECTION('',(-0.,-0.,-1.));
#953 = ADVANCED_FACE('',(#954),#960,.T.);
#954 = FACE_BOUND('',#955,.F.);
#955 = EDGE_LOOP('',(#956,#957,#958,#959));
#956 = ORIENTED_EDGE('',*,*,#755,.F.);
#957 = ORIENTED_EDGE('',*,*,#740,.T.);
#958 = ORIENTED_EDGE('',*,*,#852,.T.);
#959 = ORIENTED_EDGE('',*,*,#780,.F.);
#960 = PLANE('',#961);
#961 = AXIS2_PLACEMENT_3D('',#962,#963,#964);
#962 = CARTESIAN_POINT('',(-19.25,-19.25,10.));
#963 = DIRECTION('',(-0.707106781187,-0.707106781187,0.));
#964 = DIRECTION('',(-0.,-0.,-1.));
#965 = ADVANCED_FACE('',(#966,#1000),#1003,.T.);
#966 = FACE_BOUND('',#967,.T.);
#967 = EDGE_LOOP('',(#968,#978,#986,#994));
#968 = ORIENTED_EDGE('',*,*,#969,.T.);
#969 = EDGE_CURVE('',#970,#972,#974,.T.);
#970 = VERTEX_POINT('',#971);
#971 = CARTESIAN_POINT('',(-7.150000000009,2.349999999991,2.));
#972 = VERTEX_POINT('',#973);
#973 = CARTESIAN_POINT('',(-11.84999999999,2.349999999991,2.));
#974 = LINE('',#975,#976);
#975 = CARTESIAN_POINT('',(-7.150000000009,2.349999999991,2.));
#976 = VECTOR('',#977,1.);
#977 = DIRECTION('',(-1.,0.,0.));
#978 = ORIENTED_EDGE('',*,*,#979,.T.);
#979 = EDGE_CURVE('',#972,#980,#982,.T.);
#980 = VERTEX_POINT('',#981);
#981 = CARTESIAN_POINT('',(-11.84999999999,-2.349999999991,2.));
#982 = LINE('',#983,#984);
#983 = CARTESIAN_POINT('',(-11.84999999999,2.349999999991,2.));
#984 = VECTOR('',#985,1.);
#985 = DIRECTION('',(0.,-1.,0.));
#986 = ORIENTED_EDGE('',*,*,#987,.T.);
#987 = EDGE_CURVE('',#980,#988,#990,.T.);
#988 = VERTEX_POINT('',#989);
#989 = CARTESIAN_POINT('',(-7.150000000009,-2.349999999991,2.));
#990 = LINE('',#991,#992);
#991 = CARTESIAN_POINT('',(-11.84999999999,-2.349999999991,2.));
#992 = VECTOR('',#993,1.);
#993 = DIRECTION('',(1.,0.,0.));
#994 = ORIENTED_EDGE('',*,*,#995,.T.);
#995 = EDGE_CURVE('',#988,#970,#996,.T.);
#996 = LINE('',#997,#998);
#997 = CARTESIAN_POINT('',(-7.150000000009,-2.349999999991,2.));
#998 = VECTOR('',#999,1.);
#999 = DIRECTION('',(0.,1.,0.));
#1000 = FACE_BOUND('',#1001,.T.);
#1001 = EDGE_LOOP('',(#1002));
#1002 = ORIENTED_EDGE('',*,*,#809,.F.);
#1003 = PLANE('',#1004);
#1004 = AXIS2_PLACEMENT_3D('',#1005,#1006,#1007);
#1005 = CARTESIAN_POINT('',(2.69E-15,1.41454E-12,2.));
#1006 = DIRECTION('',(0.,0.,1.));
#1007 = DIRECTION('',(1.,0.,0.));
#1008 = ADVANCED_FACE('',(#1009,#1043),#1046,.T.);
#1009 = FACE_BOUND('',#1010,.T.);
#1010 = EDGE_LOOP('',(#1011,#1021,#1029,#1037));
#1011 = ORIENTED_EDGE('',*,*,#1012,.T.);
#1012 = EDGE_CURVE('',#1013,#1015,#1017,.T.);
#1013 = VERTEX_POINT('',#1014);
#1014 = CARTESIAN_POINT('',(11.85,2.35,2.));
#1015 = VERTEX_POINT('',#1016);
#1016 = CARTESIAN_POINT('',(7.15,2.35,2.));
#1017 = LINE('',#1018,#1019);
#1018 = CARTESIAN_POINT('',(11.85,2.35,2.));
#1019 = VECTOR('',#1020,1.);
#1020 = DIRECTION('',(-1.,0.,0.));
#1021 = ORIENTED_EDGE('',*,*,#1022,.T.);
#1022 = EDGE_CURVE('',#1015,#1023,#1025,.T.);
#1023 = VERTEX_POINT('',#1024);
#1024 = CARTESIAN_POINT('',(7.15,-2.35,2.));
#1025 = LINE('',#1026,#1027);
#1026 = CARTESIAN_POINT('',(7.15,2.35,2.));
#1027 = VECTOR('',#1028,1.);
#1028 = DIRECTION('',(0.,-1.,0.));
#1029 = ORIENTED_EDGE('',*,*,#1030,.T.);
#1030 = EDGE_CURVE('',#1023,#1031,#1033,.T.);
#1031 = VERTEX_POINT('',#1032);
#1032 = CARTESIAN_POINT('',(11.85,-2.35,2.));
#1033 = LINE('',#1034,#1035);
#1034 = CARTESIAN_POINT('',(7.15,-2.35,2.));
#1035 = VECTOR('',#1036,1.);
#1036 = DIRECTION('',(1.,0.,0.));
#1037 = ORIENTED_EDGE('',*,*,#1038,.T.);
#1038 = EDGE_CURVE('',#1031,#1013,#1039,.T.);
#1039 = LINE('',#1040,#1041);
#1040 = CARTESIAN_POINT('',(11.85,-2.35,2.));
#1041 = VECTOR('',#1042,1.);
#1042 = DIRECTION('',(0.,1.,0.));
#1043 = FACE_BOUND('',#1044,.T.);
#1044 = EDGE_LOOP('',(#1045));
#1045 = ORIENTED_EDGE('',*,*,#834,.F.);
#1046 = PLANE('',#1047);
#1047 = AXIS2_PLACEMENT_3D('',#1048,#1049,#1050);
#1048 = CARTESIAN_POINT('',(2.69E-15,1.41454E-12,2.));
#1049 = DIRECTION('',(0.,0.,1.));
#1050 = DIRECTION('',(1.,0.,0.));
#1051 = ADVANCED_FACE('',(#1052),#1077,.F.);
#1052 = FACE_BOUND('',#1053,.F.);
#1053 = EDGE_LOOP('',(#1054,#1062,#1070,#1076));
#1054 = ORIENTED_EDGE('',*,*,#1055,.T.);
#1055 = EDGE_CURVE('',#882,#1056,#1058,.T.);
#1056 = VERTEX_POINT('',#1057);
#1057 = CARTESIAN_POINT('',(-19.,19.,25.));
#1058 = LINE('',#1059,#1060);
#1059 = CARTESIAN_POINT('',(-19.,19.,27.));
#1060 = VECTOR('',#1061,1.);
#1061 = DIRECTION('',(-0.,-0.,-1.));
#1062 = ORIENTED_EDGE('',*,*,#1063,.T.);
#1063 = EDGE_CURVE('',#1056,#1064,#1066,.T.);
#1064 = VERTEX_POINT('',#1065);
#1065 = CARTESIAN_POINT('',(-19.,-19.,25.));
#1066 = LINE('',#1067,#1068);
#1067 = CARTESIAN_POINT('',(-19.,19.,25.));
#1068 = VECTOR('',#1069,1.);
#1069 = DIRECTION('',(0.,-1.,0.));
#1070 = ORIENTED_EDGE('',*,*,#1071,.F.);
#1071 = EDGE_CURVE('',#884,#1064,#1072,.T.);
#1072 = LINE('',#1073,#1074);
#1073 = CARTESIAN_POINT('',(-19.,-19.,27.));
#1074 = VECTOR('',#1075,1.);
#1075 = DIRECTION('',(-0.,-0.,-1.));
#1076 = ORIENTED_EDGE('',*,*,#881,.F.);
#1077 = PLANE('',#1078);
#1078 = AXIS2_PLACEMENT_3D('',#1079,#1080,#1081);
#1079 = CARTESIAN_POINT('',(-19.,19.,27.));
#1080 = DIRECTION('',(-1.,0.,0.));
#1081 = DIRECTION('',(0.,-1.,0.));
#1082 = ADVANCED_FACE('',(#1083),#1101,.F.);
#1083 = FACE_BOUND('',#1084,.F.);
#1084 = EDGE_LOOP('',(#1085,#1086,#1094,#1100));
#1085 = ORIENTED_EDGE('',*,*,#1071,.T.);
#1086 = ORIENTED_EDGE('',*,*,#1087,.T.);
#1087 = EDGE_CURVE('',#1064,#1088,#1090,.T.);
#1088 = VERTEX_POINT('',#1089);
#1089 = CARTESIAN_POINT('',(19.,-19.,25.));
#1090 = LINE('',#1091,#1092);
#1091 = CARTESIAN_POINT('',(-19.,-19.,25.));
#1092 = VECTOR('',#1093,1.);
#1093 = DIRECTION('',(1.,0.,0.));
#1094 = ORIENTED_EDGE('',*,*,#1095,.F.);
#1095 = EDGE_CURVE('',#900,#1088,#1096,.T.);
#1096 = LINE('',#1097,#1098);
#1097 = CARTESIAN_POINT('',(19.,-19.,27.));
#1098 = VECTOR('',#1099,1.);
#1099 = DIRECTION('',(-0.,-0.,-1.));
#1100 = ORIENTED_EDGE('',*,*,#907,.F.);
#1101 = PLANE('',#1102);
#1102 = AXIS2_PLACEMENT_3D('',#1103,#1104,#1105);
#1103 = CARTESIAN_POINT('',(-19.,-19.,27.));
#1104 = DIRECTION('',(0.,-1.,0.));
#1105 = DIRECTION('',(1.,0.,0.));
#1106 = ADVANCED_FACE('',(#1107),#1125,.F.);
#1107 = FACE_BOUND('',#1108,.F.);
#1108 = EDGE_LOOP('',(#1109,#1110,#1118,#1124));
#1109 = ORIENTED_EDGE('',*,*,#1095,.T.);
#1110 = ORIENTED_EDGE('',*,*,#1111,.T.);
#1111 = EDGE_CURVE('',#1088,#1112,#1114,.T.);
#1112 = VERTEX_POINT('',#1113);
#1113 = CARTESIAN_POINT('',(19.,19.,25.));
#1114 = LINE('',#1115,#1116);
#1115 = CARTESIAN_POINT('',(19.,-19.,25.));
#1116 = VECTOR('',#1117,1.);
#1117 = DIRECTION('',(0.,1.,0.));
#1118 = ORIENTED_EDGE('',*,*,#1119,.F.);
#1119 = EDGE_CURVE('',#892,#1112,#1120,.T.);
#1120 = LINE('',#1121,#1122);
#1121 = CARTESIAN_POINT('',(19.,19.,27.));
#1122 = VECTOR('',#1123,1.);
#1123 = DIRECTION('',(-0.,-0.,-1.));
#1124 = ORIENTED_EDGE('',*,*,#899,.F.);
#1125 = PLANE('',#1126);
#1126 = AXIS2_PLACEMENT_3D('',#1127,#1128,#1129);
#1127 = CARTESIAN_POINT('',(19.,-19.,27.));
#1128 = DIRECTION('',(1.,0.,0.));
#1129 = DIRECTION('',(0.,1.,0.));
#1130 = ADVANCED_FACE('',(#1131),#1142,.F.);
#1131 = FACE_BOUND('',#1132,.F.);
#1132 = EDGE_LOOP('',(#1133,#1134,#1140,#1141));
#1133 = ORIENTED_EDGE('',*,*,#1119,.T.);
#1134 = ORIENTED_EDGE('',*,*,#1135,.T.);
#1135 = EDGE_CURVE('',#1112,#1056,#1136,.T.);
#1136 = LINE('',#1137,#1138);
#1137 = CARTESIAN_POINT('',(19.,19.,25.));
#1138 = VECTOR('',#1139,1.);
#1139 = DIRECTION('',(-1.,0.,0.));
#1140 = ORIENTED_EDGE('',*,*,#1055,.F.);
#1141 = ORIENTED_EDGE('',*,*,#891,.F.);
#1142 = PLANE('',#1143);
#1143 = AXIS2_PLACEMENT_3D('',#1144,#1145,#1146);
#1144 = CARTESIAN_POINT('',(19.,19.,27.));
#1145 = DIRECTION('',(0.,1.,0.));
#1146 = DIRECTION('',(-1.,0.,0.));
#1147 = ADVANCED_FACE('',(#1148),#1173,.T.);
#1148 = FACE_BOUND('',#1149,.T.);
#1149 = EDGE_LOOP('',(#1150,#1158,#1166,#1172));
#1150 = ORIENTED_EDGE('',*,*,#1151,.T.);
#1151 = EDGE_CURVE('',#970,#1152,#1154,.T.);
#1152 = VERTEX_POINT('',#1153);
#1153 = CARTESIAN_POINT('',(-7.150000000009,2.349999999991,5.));
#1154 = LINE('',#1155,#1156);
#1155 = CARTESIAN_POINT('',(-7.150000000009,2.349999999991,2.));
#1156 = VECTOR('',#1157,1.);
#1157 = DIRECTION('',(0.,0.,1.));
#1158 = ORIENTED_EDGE('',*,*,#1159,.T.);
#1159 = EDGE_CURVE('',#1152,#1160,#1162,.T.);
#1160 = VERTEX_POINT('',#1161);
#1161 = CARTESIAN_POINT('',(-11.84999999999,2.349999999991,5.));
#1162 = LINE('',#1163,#1164);
#1163 = CARTESIAN_POINT('',(-7.150000000009,2.349999999991,5.));
#1164 = VECTOR('',#1165,1.);
#1165 = DIRECTION('',(-1.,0.,0.));
#1166 = ORIENTED_EDGE('',*,*,#1167,.F.);
#1167 = EDGE_CURVE('',#972,#1160,#1168,.T.);
#1168 = LINE('',#1169,#1170);
#1169 = CARTESIAN_POINT('',(-11.84999999999,2.349999999991,2.));
#1170 = VECTOR('',#1171,1.);
#1171 = DIRECTION('',(0.,0.,1.));
#1172 = ORIENTED_EDGE('',*,*,#969,.F.);
#1173 = PLANE('',#1174);
#1174 = AXIS2_PLACEMENT_3D('',#1175,#1176,#1177);
#1175 = CARTESIAN_POINT('',(-7.150000000009,2.349999999991,2.));
#1176 = DIRECTION('',(0.,-1.,0.));
#1177 = DIRECTION('',(-1.,0.,0.));
#1178 = ADVANCED_FACE('',(#1179),#1197,.T.);
#1179 = FACE_BOUND('',#1180,.T.);
#1180 = EDGE_LOOP('',(#1181,#1189,#1195,#1196));
#1181 = ORIENTED_EDGE('',*,*,#1182,.T.);
#1182 = EDGE_CURVE('',#988,#1183,#1185,.T.);
#1183 = VERTEX_POINT('',#1184);
#1184 = CARTESIAN_POINT('',(-7.150000000009,-2.349999999991,5.));
#1185 = LINE('',#1186,#1187);
#1186 = CARTESIAN_POINT('',(-7.150000000009,-2.349999999991,2.));
#1187 = VECTOR('',#1188,1.);
#1188 = DIRECTION('',(0.,0.,1.));
#1189 = ORIENTED_EDGE('',*,*,#1190,.T.);
#1190 = EDGE_CURVE('',#1183,#1152,#1191,.T.);
#1191 = LINE('',#1192,#1193);
#1192 = CARTESIAN_POINT('',(-7.150000000009,-2.349999999991,5.));
#1193 = VECTOR('',#1194,1.);
#1194 = DIRECTION('',(0.,1.,0.));
#1195 = ORIENTED_EDGE('',*,*,#1151,.F.);
#1196 = ORIENTED_EDGE('',*,*,#995,.F.);
#1197 = PLANE('',#1198);
#1198 = AXIS2_PLACEMENT_3D('',#1199,#1200,#1201);
#1199 = CARTESIAN_POINT('',(-7.150000000009,-2.349999999991,2.));
#1200 = DIRECTION('',(-1.,0.,0.));
#1201 = DIRECTION('',(0.,1.,0.));
#1202 = ADVANCED_FACE('',(#1203),#1221,.T.);
#1203 = FACE_BOUND('',#1204,.T.);
#1204 = EDGE_LOOP('',(#1205,#1213,#1219,#1220));
#1205 = ORIENTED_EDGE('',*,*,#1206,.T.);
#1206 = EDGE_CURVE('',#980,#1207,#1209,.T.);
#1207 = VERTEX_POINT('',#1208);
#1208 = CARTESIAN_POINT('',(-11.84999999999,-2.349999999991,5.));
#1209 = LINE('',#1210,#1211);
#1210 = CARTESIAN_POINT('',(-11.84999999999,-2.349999999991,2.));
#1211 = VECTOR('',#1212,1.);
#1212 = DIRECTION('',(0.,0.,1.));
#1213 = ORIENTED_EDGE('',*,*,#1214,.T.);
#1214 = EDGE_CURVE('',#1207,#1183,#1215,.T.);
#1215 = LINE('',#1216,#1217);
#1216 = CARTESIAN_POINT('',(-11.84999999999,-2.349999999991,5.));
#1217 = VECTOR('',#1218,1.);
#1218 = DIRECTION('',(1.,0.,0.));
#1219 = ORIENTED_EDGE('',*,*,#1182,.F.);
#1220 = ORIENTED_EDGE('',*,*,#987,.F.);
#1221 = PLANE('',#1222);
#1222 = AXIS2_PLACEMENT_3D('',#1223,#1224,#1225);
#1223 = CARTESIAN_POINT('',(-11.84999999999,-2.349999999991,2.));
#1224 = DIRECTION('',(0.,1.,0.));
#1225 = DIRECTION('',(1.,0.,0.));
#1226 = ADVANCED_FACE('',(#1227),#1238,.T.);
#1227 = FACE_BOUND('',#1228,.T.);
#1228 = EDGE_LOOP('',(#1229,#1230,#1236,#1237));
#1229 = ORIENTED_EDGE('',*,*,#1167,.T.);
#1230 = ORIENTED_EDGE('',*,*,#1231,.T.);
#1231 = EDGE_CURVE('',#1160,#1207,#1232,.T.);
#1232 = LINE('',#1233,#1234);
#1233 = CARTESIAN_POINT('',(-11.84999999999,2.349999999991,5.));
#1234 = VECTOR('',#1235,1.);
#1235 = DIRECTION('',(0.,-1.,0.));
#1236 = ORIENTED_EDGE('',*,*,#1206,.F.);
#1237 = ORIENTED_EDGE('',*,*,#979,.F.);
#1238 = PLANE('',#1239);
#1239 = AXIS2_PLACEMENT_3D('',#1240,#1241,#1242);
#1240 = CARTESIAN_POINT('',(-11.84999999999,2.349999999991,2.));
#1241 = DIRECTION('',(1.,0.,0.));
#1242 = DIRECTION('',(0.,-1.,0.));
#1243 = ADVANCED_FACE('',(#1244),#1269,.T.);
#1244 = FACE_BOUND('',#1245,.T.);
#1245 = EDGE_LOOP('',(#1246,#1254,#1262,#1268));
#1246 = ORIENTED_EDGE('',*,*,#1247,.T.);
#1247 = EDGE_CURVE('',#1013,#1248,#1250,.T.);
#1248 = VERTEX_POINT('',#1249);
#1249 = CARTESIAN_POINT('',(11.85,2.35,5.));
#1250 = LINE('',#1251,#1252);
#1251 = CARTESIAN_POINT('',(11.85,2.35,2.));
#1252 = VECTOR('',#1253,1.);
#1253 = DIRECTION('',(0.,0.,1.));
#1254 = ORIENTED_EDGE('',*,*,#1255,.T.);
#1255 = EDGE_CURVE('',#1248,#1256,#1258,.T.);
#1256 = VERTEX_POINT('',#1257);
#1257 = CARTESIAN_POINT('',(7.15,2.35,5.));
#1258 = LINE('',#1259,#1260);
#1259 = CARTESIAN_POINT('',(11.85,2.35,5.));
#1260 = VECTOR('',#1261,1.);
#1261 = DIRECTION('',(-1.,0.,0.));
#1262 = ORIENTED_EDGE('',*,*,#1263,.F.);
#1263 = EDGE_CURVE('',#1015,#1256,#1264,.T.);
#1264 = LINE('',#1265,#1266);
#1265 = CARTESIAN_POINT('',(7.15,2.35,2.));
#1266 = VECTOR('',#1267,1.);
#1267 = DIRECTION('',(0.,0.,1.));
#1268 = ORIENTED_EDGE('',*,*,#1012,.F.);
#1269 = PLANE('',#1270);
#1270 = AXIS2_PLACEMENT_3D('',#1271,#1272,#1273);
#1271 = CARTESIAN_POINT('',(11.85,2.35,2.));
#1272 = DIRECTION('',(0.,-1.,0.));
#1273 = DIRECTION('',(-1.,0.,0.));
#1274 = ADVANCED_FACE('',(#1275),#1293,.T.);
#1275 = FACE_BOUND('',#1276,.T.);
#1276 = EDGE_LOOP('',(#1277,#1285,#1291,#1292));
#1277 = ORIENTED_EDGE('',*,*,#1278,.T.);
#1278 = EDGE_CURVE('',#1031,#1279,#1281,.T.);
#1279 = VERTEX_POINT('',#1280);
#1280 = CARTESIAN_POINT('',(11.85,-2.35,5.));
#1281 = LINE('',#1282,#1283);
#1282 = CARTESIAN_POINT('',(11.85,-2.35,2.));
#1283 = VECTOR('',#1284,1.);
#1284 = DIRECTION('',(0.,0.,1.));
#1285 = ORIENTED_EDGE('',*,*,#1286,.T.);
#1286 = EDGE_CURVE('',#1279,#1248,#1287,.T.);
#1287 = LINE('',#1288,#1289);
#1288 = CARTESIAN_POINT('',(11.85,-2.35,5.));
#1289 = VECTOR('',#1290,1.);
#1290 = DIRECTION('',(0.,1.,0.));
#1291 = ORIENTED_EDGE('',*,*,#1247,.F.);
#1292 = ORIENTED_EDGE('',*,*,#1038,.F.);
#1293 = PLANE('',#1294);
#1294 = AXIS2_PLACEMENT_3D('',#1295,#1296,#1297);
#1295 = CARTESIAN_POINT('',(11.85,-2.35,2.));
#1296 = DIRECTION('',(-1.,0.,0.));
#1297 = DIRECTION('',(0.,1.,0.));
#1298 = ADVANCED_FACE('',(#1299),#1317,.T.);
#1299 = FACE_BOUND('',#1300,.T.);
#1300 = EDGE_LOOP('',(#1301,#1309,#1315,#1316));
#1301 = ORIENTED_EDGE('',*,*,#1302,.T.);
#1302 = EDGE_CURVE('',#1023,#1303,#1305,.T.);
#1303 = VERTEX_POINT('',#1304);
#1304 = CARTESIAN_POINT('',(7.15,-2.35,5.));
#1305 = LINE('',#1306,#1307);
#1306 = CARTESIAN_POINT('',(7.15,-2.35,2.));
#1307 = VECTOR('',#1308,1.);
#1308 = DIRECTION('',(0.,0.,1.));
#1309 = ORIENTED_EDGE('',*,*,#1310,.T.);
#1310 = EDGE_CURVE('',#1303,#1279,#1311,.T.);
#1311 = LINE('',#1312,#1313);
#1312 = CARTESIAN_POINT('',(7.15,-2.35,5.));
#1313 = VECTOR('',#1314,1.);
#1314 = DIRECTION('',(1.,0.,0.));
#1315 = ORIENTED_EDGE('',*,*,#1278,.F.);
#1316 = ORIENTED_EDGE('',*,*,#1030,.F.);
#1317 = PLANE('',#1318);
#1318 = AXIS2_PLACEMENT_3D('',#1319,#1320,#1321);
#1319 = CARTESIAN_POINT('',(7.15,-2.35,2.));
#1320 = DIRECTION('',(0.,1.,0.));
#1321 = DIRECTION('',(1.,0.,0.));
#1322 = ADVANCED_FACE('',(#1323),#1334,.T.);
#1323 = FACE_BOUND('',#1324,.T.);
#1324 = EDGE_LOOP('',(#1325,#1326,#1332,#1333));
#1325 = ORIENTED_EDGE('',*,*,#1263,.T.);
#1326 = ORIENTED_EDGE('',*,*,#1327,.T.);
#1327 = EDGE_CURVE('',#1256,#1303,#1328,.T.);
#1328 = LINE('',#1329,#1330);
#1329 = CARTESIAN_POINT('',(7.15,2.35,5.));
#1330 = VECTOR('',#1331,1.);
#1331 = DIRECTION('',(0.,-1.,0.));
#1332 = ORIENTED_EDGE('',*,*,#1302,.F.);
#1333 = ORIENTED_EDGE('',*,*,#1022,.F.);
#1334 = PLANE('',#1335);
#1335 = AXIS2_PLACEMENT_3D('',#1336,#1337,#1338);
#1336 = CARTESIAN_POINT('',(7.15,2.35,2.));
#1337 = DIRECTION('',(1.,0.,0.));
#1338 = DIRECTION('',(0.,-1.,0.));
#1339 = ADVANCED_FACE('',(#1340,#1346,#1357,#1368,#1379,#1541),#1552,.T.
  );
#1340 = FACE_BOUND('',#1341,.T.);
#1341 = EDGE_LOOP('',(#1342,#1343,#1344,#1345));
#1342 = ORIENTED_EDGE('',*,*,#1063,.T.);
#1343 = ORIENTED_EDGE('',*,*,#1087,.T.);
#1344 = ORIENTED_EDGE('',*,*,#1111,.T.);
#1345 = ORIENTED_EDGE('',*,*,#1135,.T.);
#1346 = FACE_BOUND('',#1347,.T.);
#1347 = EDGE_LOOP('',(#1348));
#1348 = ORIENTED_EDGE('',*,*,#1349,.F.);
#1349 = EDGE_CURVE('',#1350,#1350,#1352,.T.);
#1350 = VERTEX_POINT('',#1351);
#1351 = CARTESIAN_POINT('',(-12.95,-15.,25.));
#1352 = CIRCLE('',#1353,2.05);
#1353 = AXIS2_PLACEMENT_3D('',#1354,#1355,#1356);
#1354 = CARTESIAN_POINT('',(-15.,-15.,25.));
#1355 = DIRECTION('',(0.,0.,1.));
#1356 = DIRECTION('',(1.,0.,0.));
#1357 = FACE_BOUND('',#1358,.T.);
#1358 = EDGE_LOOP('',(#1359));
#1359 = ORIENTED_EDGE('',*,*,#1360,.F.);
#1360 = EDGE_CURVE('',#1361,#1361,#1363,.T.);
#1361 = VERTEX_POINT('',#1362);
#1362 = CARTESIAN_POINT('',(17.05,-15.,25.));
#1363 = CIRCLE('',#1364,2.05);
#1364 = AXIS2_PLACEMENT_3D('',#1365,#1366,#1367);
#1365 = CARTESIAN_POINT('',(15.,-15.,25.));
#1366 = DIRECTION('',(0.,0.,1.));
#1367 = DIRECTION('',(1.,0.,0.));
#1368 = FACE_BOUND('',#1369,.T.);
#1369 = EDGE_LOOP('',(#1370));
#1370 = ORIENTED_EDGE('',*,*,#1371,.F.);
#1371 = EDGE_CURVE('',#1372,#1372,#1374,.T.);
#1372 = VERTEX_POINT('',#1373);
#1373 = CARTESIAN_POINT('',(-12.95,15.,25.));
#1374 = CIRCLE('',#1375,2.05);
#1375 = AXIS2_PLACEMENT_3D('',#1376,#1377,#1378);
#1376 = CARTESIAN_POINT('',(-15.,15.,25.));
#1377 = DIRECTION('',(0.,0.,1.));
#1378 = DIRECTION('',(1.,0.,0.));
#1379 = FACE_BOUND('',#1380,.T.);
#1380 = EDGE_LOOP('',(#1381,#1391,#1399,#1407,#1415,#1423,#1431,#1439,
    #1447,#1455,#1463,#1471,#1479,#1487,#1495,#1503,#1511,#1519,#1527,
    #1535));
#1381 = ORIENTED_EDGE('',*,*,#1382,.F.);
#1382 = EDGE_CURVE('',#1383,#1385,#1387,.T.);
#1383 = VERTEX_POINT('',#1384);
#1384 = CARTESIAN_POINT('',(-9.,-12.25,25.));
#1385 = VERTEX_POINT('',#1386);
#1386 = CARTESIAN_POINT('',(-9.,-17.,25.));
#1387 = LINE('',#1388,#1389);
#1388 = CARTESIAN_POINT('',(-9.,-12.25,25.));
#1389 = VECTOR('',#1390,1.);
#1390 = DIRECTION('',(0.,-1.,0.));
#1391 = ORIENTED_EDGE('',*,*,#1392,.F.);
#1392 = EDGE_CURVE('',#1393,#1383,#1395,.T.);
#1393 = VERTEX_POINT('',#1394);
#1394 = CARTESIAN_POINT('',(-2.5,-12.25,25.));
#1395 = LINE('',#1396,#1397);
#1396 = CARTESIAN_POINT('',(9.,-12.25,25.));
#1397 = VECTOR('',#1398,1.);
#1398 = DIRECTION('',(-1.,0.,0.));
#1399 = ORIENTED_EDGE('',*,*,#1400,.F.);
#1400 = EDGE_CURVE('',#1401,#1393,#1403,.T.);
#1401 = VERTEX_POINT('',#1402);
#1402 = CARTESIAN_POINT('',(-2.5,-10.25,25.));
#1403 = LINE('',#1404,#1405);
#1404 = CARTESIAN_POINT('',(-2.5,17.,25.));
#1405 = VECTOR('',#1406,1.);
#1406 = DIRECTION('',(0.,-1.,0.));
#1407 = ORIENTED_EDGE('',*,*,#1408,.F.);
#1408 = EDGE_CURVE('',#1409,#1401,#1411,.T.);
#1409 = VERTEX_POINT('',#1410);
#1410 = CARTESIAN_POINT('',(-17.5,-10.25,25.));
#1411 = LINE('',#1412,#1413);
#1412 = CARTESIAN_POINT('',(-8.75,-10.25,25.));
#1413 = VECTOR('',#1414,1.);
#1414 = DIRECTION('',(1.,0.,0.));
#1415 = ORIENTED_EDGE('',*,*,#1416,.F.);
#1416 = EDGE_CURVE('',#1417,#1409,#1419,.T.);
#1417 = VERTEX_POINT('',#1418);
#1418 = CARTESIAN_POINT('',(-17.5,10.25,25.));
#1419 = LINE('',#1420,#1421);
#1420 = CARTESIAN_POINT('',(-17.5,5.125,25.));
#1421 = VECTOR('',#1422,1.);
#1422 = DIRECTION('',(0.,-1.,0.));
#1423 = ORIENTED_EDGE('',*,*,#1424,.T.);
#1424 = EDGE_CURVE('',#1417,#1425,#1427,.T.);
#1425 = VERTEX_POINT('',#1426);
#1426 = CARTESIAN_POINT('',(-2.5,10.25,25.));
#1427 = LINE('',#1428,#1429);
#1428 = CARTESIAN_POINT('',(-8.75,10.25,25.));
#1429 = VECTOR('',#1430,1.);
#1430 = DIRECTION('',(1.,0.,0.));
#1431 = ORIENTED_EDGE('',*,*,#1432,.F.);
#1432 = EDGE_CURVE('',#1433,#1425,#1435,.T.);
#1433 = VERTEX_POINT('',#1434);
#1434 = CARTESIAN_POINT('',(-2.5,12.25,25.));
#1435 = LINE('',#1436,#1437);
#1436 = CARTESIAN_POINT('',(-2.5,17.,25.));
#1437 = VECTOR('',#1438,1.);
#1438 = DIRECTION('',(0.,-1.,0.));
#1439 = ORIENTED_EDGE('',*,*,#1440,.F.);
#1440 = EDGE_CURVE('',#1441,#1433,#1443,.T.);
#1441 = VERTEX_POINT('',#1442);
#1442 = CARTESIAN_POINT('',(-9.,12.25,25.));
#1443 = LINE('',#1444,#1445);
#1444 = CARTESIAN_POINT('',(-9.,12.25,25.));
#1445 = VECTOR('',#1446,1.);
#1446 = DIRECTION('',(1.,0.,0.));
#1447 = ORIENTED_EDGE('',*,*,#1448,.F.);
#1448 = EDGE_CURVE('',#1449,#1441,#1451,.T.);
#1449 = VERTEX_POINT('',#1450);
#1450 = CARTESIAN_POINT('',(-9.,17.,25.));
#1451 = LINE('',#1452,#1453);
#1452 = CARTESIAN_POINT('',(-9.,17.,25.));
#1453 = VECTOR('',#1454,1.);
#1454 = DIRECTION('',(0.,-1.,0.));
#1455 = ORIENTED_EDGE('',*,*,#1456,.F.);
#1456 = EDGE_CURVE('',#1457,#1449,#1459,.T.);
#1457 = VERTEX_POINT('',#1458);
#1458 = CARTESIAN_POINT('',(9.,17.,25.));
#1459 = LINE('',#1460,#1461);
#1460 = CARTESIAN_POINT('',(9.,17.,25.));
#1461 = VECTOR('',#1462,1.);
#1462 = DIRECTION('',(-1.,0.,0.));
#1463 = ORIENTED_EDGE('',*,*,#1464,.F.);
#1464 = EDGE_CURVE('',#1465,#1457,#1467,.T.);
#1465 = VERTEX_POINT('',#1466);
#1466 = CARTESIAN_POINT('',(9.,12.25,25.));
#1467 = LINE('',#1468,#1469);
#1468 = CARTESIAN_POINT('',(9.,12.25,25.));
#1469 = VECTOR('',#1470,1.);
#1470 = DIRECTION('',(0.,1.,0.));
#1471 = ORIENTED_EDGE('',*,*,#1472,.F.);
#1472 = EDGE_CURVE('',#1473,#1465,#1475,.T.);
#1473 = VERTEX_POINT('',#1474);
#1474 = CARTESIAN_POINT('',(2.5,12.25,25.));
#1475 = LINE('',#1476,#1477);
#1476 = CARTESIAN_POINT('',(-9.,12.25,25.));
#1477 = VECTOR('',#1478,1.);
#1478 = DIRECTION('',(1.,0.,0.));
#1479 = ORIENTED_EDGE('',*,*,#1480,.F.);
#1480 = EDGE_CURVE('',#1481,#1473,#1483,.T.);
#1481 = VERTEX_POINT('',#1482);
#1482 = CARTESIAN_POINT('',(2.5,10.25,25.));
#1483 = LINE('',#1484,#1485);
#1484 = CARTESIAN_POINT('',(2.5,-17.,25.));
#1485 = VECTOR('',#1486,1.);
#1486 = DIRECTION('',(0.,1.,0.));
#1487 = ORIENTED_EDGE('',*,*,#1488,.T.);
#1488 = EDGE_CURVE('',#1481,#1489,#1491,.T.);
#1489 = VERTEX_POINT('',#1490);
#1490 = CARTESIAN_POINT('',(17.5,10.25,25.));
#1491 = LINE('',#1492,#1493);
#1492 = CARTESIAN_POINT('',(-8.75,10.25,25.));
#1493 = VECTOR('',#1494,1.);
#1494 = DIRECTION('',(1.,0.,0.));
#1495 = ORIENTED_EDGE('',*,*,#1496,.F.);
#1496 = EDGE_CURVE('',#1497,#1489,#1499,.T.);
#1497 = VERTEX_POINT('',#1498);
#1498 = CARTESIAN_POINT('',(17.5,-10.25,25.));
#1499 = LINE('',#1500,#1501);
#1500 = CARTESIAN_POINT('',(17.5,-5.125,25.));
#1501 = VECTOR('',#1502,1.);
#1502 = DIRECTION('',(0.,1.,0.));
#1503 = ORIENTED_EDGE('',*,*,#1504,.F.);
#1504 = EDGE_CURVE('',#1505,#1497,#1507,.T.);
#1505 = VERTEX_POINT('',#1506);
#1506 = CARTESIAN_POINT('',(2.5,-10.25,25.));
#1507 = LINE('',#1508,#1509);
#1508 = CARTESIAN_POINT('',(-8.75,-10.25,25.));
#1509 = VECTOR('',#1510,1.);
#1510 = DIRECTION('',(1.,0.,0.));
#1511 = ORIENTED_EDGE('',*,*,#1512,.F.);
#1512 = EDGE_CURVE('',#1513,#1505,#1515,.T.);
#1513 = VERTEX_POINT('',#1514);
#1514 = CARTESIAN_POINT('',(2.5,-12.25,25.));
#1515 = LINE('',#1516,#1517);
#1516 = CARTESIAN_POINT('',(2.5,-17.,25.));
#1517 = VECTOR('',#1518,1.);
#1518 = DIRECTION('',(0.,1.,0.));
#1519 = ORIENTED_EDGE('',*,*,#1520,.F.);
#1520 = EDGE_CURVE('',#1521,#1513,#1523,.T.);
#1521 = VERTEX_POINT('',#1522);
#1522 = CARTESIAN_POINT('',(9.,-12.25,25.));
#1523 = LINE('',#1524,#1525);
#1524 = CARTESIAN_POINT('',(9.,-12.25,25.));
#1525 = VECTOR('',#1526,1.);
#1526 = DIRECTION('',(-1.,0.,0.));
#1527 = ORIENTED_EDGE('',*,*,#1528,.F.);
#1528 = EDGE_CURVE('',#1529,#1521,#1531,.T.);
#1529 = VERTEX_POINT('',#1530);
#1530 = CARTESIAN_POINT('',(9.,-17.,25.));
#1531 = LINE('',#1532,#1533);
#1532 = CARTESIAN_POINT('',(9.,-17.,25.));
#1533 = VECTOR('',#1534,1.);
#1534 = DIRECTION('',(0.,1.,0.));
#1535 = ORIENTED_EDGE('',*,*,#1536,.F.);
#1536 = EDGE_CURVE('',#1385,#1529,#1537,.T.);
#1537 = LINE('',#1538,#1539);
#1538 = CARTESIAN_POINT('',(-9.,-17.,25.));
#1539 = VECTOR('',#1540,1.);
#1540 = DIRECTION('',(1.,0.,0.));
#1541 = FACE_BOUND('',#1542,.T.);
#1542 = EDGE_LOOP('',(#1543));
#1543 = ORIENTED_EDGE('',*,*,#1544,.F.);
#1544 = EDGE_CURVE('',#1545,#1545,#1547,.T.);
#1545 = VERTEX_POINT('',#1546);
#1546 = CARTESIAN_POINT('',(17.05,15.,25.));
#1547 = CIRCLE('',#1548,2.05);
#1548 = AXIS2_PLACEMENT_3D('',#1549,#1550,#1551);
#1549 = CARTESIAN_POINT('',(15.,15.,25.));
#1550 = DIRECTION('',(0.,0.,1.));
#1551 = DIRECTION('',(1.,0.,0.));
#1552 = PLANE('',#1553);
#1553 = AXIS2_PLACEMENT_3D('',#1554,#1555,#1556);
#1554 = CARTESIAN_POINT('',(0.,0.,25.));
#1555 = DIRECTION('',(0.,0.,1.));
#1556 = DIRECTION('',(1.,0.,0.));
#1557 = ADVANCED_FACE('',(#1558,#1608),#1614,.T.);
#1558 = FACE_BOUND('',#1559,.T.);
#1559 = EDGE_LOOP('',(#1560,#1570,#1578,#1586,#1594,#1602));
#1560 = ORIENTED_EDGE('',*,*,#1561,.T.);
#1561 = EDGE_CURVE('',#1562,#1564,#1566,.T.);
#1562 = VERTEX_POINT('',#1563);
#1563 = CARTESIAN_POINT('',(-12.9956284153,3.500000000001,5.));
#1564 = VERTEX_POINT('',#1565);
#1565 = CARTESIAN_POINT('',(-13.,3.495505617981,5.));
#1566 = LINE('',#1567,#1568);
#1567 = CARTESIAN_POINT('',(-10.67489042195,5.885927262825,5.));
#1568 = VECTOR('',#1569,1.);
#1569 = DIRECTION('',(-0.697246183896,-0.716831750861,0.));
#1570 = ORIENTED_EDGE('',*,*,#1571,.T.);
#1571 = EDGE_CURVE('',#1564,#1572,#1574,.T.);
#1572 = VERTEX_POINT('',#1573);
#1573 = CARTESIAN_POINT('',(-13.,-3.495505617976,5.));
#1574 = LINE('',#1575,#1576);
#1575 = CARTESIAN_POINT('',(-13.,3.500000000001,5.));
#1576 = VECTOR('',#1577,1.);
#1577 = DIRECTION('',(0.,-1.,0.));
#1578 = ORIENTED_EDGE('',*,*,#1579,.T.);
#1579 = EDGE_CURVE('',#1572,#1580,#1582,.T.);
#1580 = VERTEX_POINT('',#1581);
#1581 = CARTESIAN_POINT('',(-12.99562841529,-3.500000000001,5.));
#1582 = LINE('',#1583,#1584);
#1583 = CARTESIAN_POINT('',(-10.67489042195,-5.885927262825,5.));
#1584 = VECTOR('',#1585,1.);
#1585 = DIRECTION('',(0.697246183897,-0.71683175086,0.));
#1586 = ORIENTED_EDGE('',*,*,#1587,.T.);
#1587 = EDGE_CURVE('',#1580,#1588,#1590,.T.);
#1588 = VERTEX_POINT('',#1589);
#1589 = CARTESIAN_POINT('',(-5.999999999999,-3.500000000001,5.));
#1590 = LINE('',#1591,#1592);
#1591 = CARTESIAN_POINT('',(-13.,-3.500000000001,5.));
#1592 = VECTOR('',#1593,1.);
#1593 = DIRECTION('',(1.,0.,0.));
#1594 = ORIENTED_EDGE('',*,*,#1595,.T.);
#1595 = EDGE_CURVE('',#1588,#1596,#1598,.T.);
#1596 = VERTEX_POINT('',#1597);
#1597 = CARTESIAN_POINT('',(-5.999999999999,3.500000000001,5.));
#1598 = LINE('',#1599,#1600);
#1599 = CARTESIAN_POINT('',(-5.999999999999,-3.500000000001,5.));
#1600 = VECTOR('',#1601,1.);
#1601 = DIRECTION('',(0.,1.,0.));
#1602 = ORIENTED_EDGE('',*,*,#1603,.T.);
#1603 = EDGE_CURVE('',#1596,#1562,#1604,.T.);
#1604 = LINE('',#1605,#1606);
#1605 = CARTESIAN_POINT('',(-5.999999999999,3.500000000001,5.));
#1606 = VECTOR('',#1607,1.);
#1607 = DIRECTION('',(-1.,0.,0.));
#1608 = FACE_BOUND('',#1609,.T.);
#1609 = EDGE_LOOP('',(#1610,#1611,#1612,#1613));
#1610 = ORIENTED_EDGE('',*,*,#1231,.F.);
#1611 = ORIENTED_EDGE('',*,*,#1159,.F.);
#1612 = ORIENTED_EDGE('',*,*,#1190,.F.);
#1613 = ORIENTED_EDGE('',*,*,#1214,.F.);
#1614 = PLANE('',#1615);
#1615 = AXIS2_PLACEMENT_3D('',#1616,#1617,#1618);
#1616 = CARTESIAN_POINT('',(6.21717E-12,-4.228E-14,5.));
#1617 = DIRECTION('',(0.,0.,1.));
#1618 = DIRECTION('',(1.,0.,0.));
#1619 = ADVANCED_FACE('',(#1620,#1670),#1676,.T.);
#1620 = FACE_BOUND('',#1621,.T.);
#1621 = EDGE_LOOP('',(#1622,#1632,#1640,#1648,#1656,#1664));
#1622 = ORIENTED_EDGE('',*,*,#1623,.T.);
#1623 = EDGE_CURVE('',#1624,#1626,#1628,.T.);
#1624 = VERTEX_POINT('',#1625);
#1625 = CARTESIAN_POINT('',(12.995628415305,3.5,5.));
#1626 = VERTEX_POINT('',#1627);
#1627 = CARTESIAN_POINT('',(6.,3.5,5.));
#1628 = LINE('',#1629,#1630);
#1629 = CARTESIAN_POINT('',(13.,3.5,5.));
#1630 = VECTOR('',#1631,1.);
#1631 = DIRECTION('',(-1.,0.,0.));
#1632 = ORIENTED_EDGE('',*,*,#1633,.T.);
#1633 = EDGE_CURVE('',#1626,#1634,#1636,.T.);
#1634 = VERTEX_POINT('',#1635);
#1635 = CARTESIAN_POINT('',(6.,-3.5,5.));
#1636 = LINE('',#1637,#1638);
#1637 = CARTESIAN_POINT('',(6.,3.5,5.));
#1638 = VECTOR('',#1639,1.);
#1639 = DIRECTION('',(0.,-1.,0.));
#1640 = ORIENTED_EDGE('',*,*,#1641,.T.);
#1641 = EDGE_CURVE('',#1634,#1642,#1644,.T.);
#1642 = VERTEX_POINT('',#1643);
#1643 = CARTESIAN_POINT('',(12.995628415302,-3.5,5.));
#1644 = LINE('',#1645,#1646);
#1645 = CARTESIAN_POINT('',(6.,-3.5,5.));
#1646 = VECTOR('',#1647,1.);
#1647 = DIRECTION('',(1.,0.,0.));
#1648 = ORIENTED_EDGE('',*,*,#1649,.T.);
#1649 = EDGE_CURVE('',#1642,#1650,#1652,.T.);
#1650 = VERTEX_POINT('',#1651);
#1651 = CARTESIAN_POINT('',(13.,-3.495505617979,5.));
#1652 = LINE('',#1653,#1654);
#1653 = CARTESIAN_POINT('',(10.674890421957,-5.885927262822,5.));
#1654 = VECTOR('',#1655,1.);
#1655 = DIRECTION('',(0.697246183897,0.71683175086,0.));
#1656 = ORIENTED_EDGE('',*,*,#1657,.T.);
#1657 = EDGE_CURVE('',#1650,#1658,#1660,.T.);
#1658 = VERTEX_POINT('',#1659);
#1659 = CARTESIAN_POINT('',(13.,3.495505617982,5.));
#1660 = LINE('',#1661,#1662);
#1661 = CARTESIAN_POINT('',(13.,-3.5,5.));
#1662 = VECTOR('',#1663,1.);
#1663 = DIRECTION('',(0.,1.,0.));
#1664 = ORIENTED_EDGE('',*,*,#1665,.T.);
#1665 = EDGE_CURVE('',#1658,#1624,#1666,.T.);
#1666 = LINE('',#1667,#1668);
#1667 = CARTESIAN_POINT('',(10.674890421961,5.885927262822,5.));
#1668 = VECTOR('',#1669,1.);
#1669 = DIRECTION('',(-0.697246183896,0.716831750861,0.));
#1670 = FACE_BOUND('',#1671,.T.);
#1671 = EDGE_LOOP('',(#1672,#1673,#1674,#1675));
#1672 = ORIENTED_EDGE('',*,*,#1327,.F.);
#1673 = ORIENTED_EDGE('',*,*,#1255,.F.);
#1674 = ORIENTED_EDGE('',*,*,#1286,.F.);
#1675 = ORIENTED_EDGE('',*,*,#1310,.F.);
#1676 = PLANE('',#1677);
#1677 = AXIS2_PLACEMENT_3D('',#1678,#1679,#1680);
#1678 = CARTESIAN_POINT('',(6.21717E-12,-4.228E-14,5.));
#1679 = DIRECTION('',(0.,0.,1.));
#1680 = DIRECTION('',(1.,0.,0.));
#1681 = ADVANCED_FACE('',(#1682),#1701,.F.);
#1682 = FACE_BOUND('',#1683,.F.);
#1683 = EDGE_LOOP('',(#1684,#1692,#1699,#1700));
#1684 = ORIENTED_EDGE('',*,*,#1685,.T.);
#1685 = EDGE_CURVE('',#1350,#1686,#1688,.T.);
#1686 = VERTEX_POINT('',#1687);
#1687 = CARTESIAN_POINT('',(-12.95,-15.,15.));
#1688 = LINE('',#1689,#1690);
#1689 = CARTESIAN_POINT('',(-12.95,-15.,25.));
#1690 = VECTOR('',#1691,1.);
#1691 = DIRECTION('',(-0.,-0.,-1.));
#1692 = ORIENTED_EDGE('',*,*,#1693,.T.);
#1693 = EDGE_CURVE('',#1686,#1686,#1694,.T.);
#1694 = CIRCLE('',#1695,2.05);
#1695 = AXIS2_PLACEMENT_3D('',#1696,#1697,#1698);
#1696 = CARTESIAN_POINT('',(-15.,-15.,15.));
#1697 = DIRECTION('',(0.,0.,1.));
#1698 = DIRECTION('',(1.,0.,0.));
#1699 = ORIENTED_EDGE('',*,*,#1685,.F.);
#1700 = ORIENTED_EDGE('',*,*,#1349,.F.);
#1701 = CYLINDRICAL_SURFACE('',#1702,2.05);
#1702 = AXIS2_PLACEMENT_3D('',#1703,#1704,#1705);
#1703 = CARTESIAN_POINT('',(-15.,-15.,25.));
#1704 = DIRECTION('',(0.,0.,1.));
#1705 = DIRECTION('',(1.,0.,0.));
#1706 = ADVANCED_FACE('',(#1707),#1726,.F.);
#1707 = FACE_BOUND('',#1708,.F.);
#1708 = EDGE_LOOP('',(#1709,#1717,#1724,#1725));
#1709 = ORIENTED_EDGE('',*,*,#1710,.T.);
#1710 = EDGE_CURVE('',#1361,#1711,#1713,.T.);
#1711 = VERTEX_POINT('',#1712);
#1712 = CARTESIAN_POINT('',(17.05,-15.,15.));
#1713 = LINE('',#1714,#1715);
#1714 = CARTESIAN_POINT('',(17.05,-15.,25.));
#1715 = VECTOR('',#1716,1.);
#1716 = DIRECTION('',(-0.,-0.,-1.));
#1717 = ORIENTED_EDGE('',*,*,#1718,.T.);
#1718 = EDGE_CURVE('',#1711,#1711,#1719,.T.);
#1719 = CIRCLE('',#1720,2.05);
#1720 = AXIS2_PLACEMENT_3D('',#1721,#1722,#1723);
#1721 = CARTESIAN_POINT('',(15.,-15.,15.));
#1722 = DIRECTION('',(0.,0.,1.));
#1723 = DIRECTION('',(1.,0.,0.));
#1724 = ORIENTED_EDGE('',*,*,#1710,.F.);
#1725 = ORIENTED_EDGE('',*,*,#1360,.F.);
#1726 = CYLINDRICAL_SURFACE('',#1727,2.05);
#1727 = AXIS2_PLACEMENT_3D('',#1728,#1729,#1730);
#1728 = CARTESIAN_POINT('',(15.,-15.,25.));
#1729 = DIRECTION('',(0.,0.,1.));
#1730 = DIRECTION('',(1.,0.,0.));
#1731 = ADVANCED_FACE('',(#1732),#1751,.F.);
#1732 = FACE_BOUND('',#1733,.F.);
#1733 = EDGE_LOOP('',(#1734,#1742,#1749,#1750));
#1734 = ORIENTED_EDGE('',*,*,#1735,.T.);
#1735 = EDGE_CURVE('',#1372,#1736,#1738,.T.);
#1736 = VERTEX_POINT('',#1737);
#1737 = CARTESIAN_POINT('',(-12.95,15.,15.));
#1738 = LINE('',#1739,#1740);
#1739 = CARTESIAN_POINT('',(-12.95,15.,25.));
#1740 = VECTOR('',#1741,1.);
#1741 = DIRECTION('',(-0.,-0.,-1.));
#1742 = ORIENTED_EDGE('',*,*,#1743,.T.);
#1743 = EDGE_CURVE('',#1736,#1736,#1744,.T.);
#1744 = CIRCLE('',#1745,2.05);
#1745 = AXIS2_PLACEMENT_3D('',#1746,#1747,#1748);
#1746 = CARTESIAN_POINT('',(-15.,15.,15.));
#1747 = DIRECTION('',(0.,0.,1.));
#1748 = DIRECTION('',(1.,0.,0.));
#1749 = ORIENTED_EDGE('',*,*,#1735,.F.);
#1750 = ORIENTED_EDGE('',*,*,#1371,.F.);
#1751 = CYLINDRICAL_SURFACE('',#1752,2.05);
#1752 = AXIS2_PLACEMENT_3D('',#1753,#1754,#1755);
#1753 = CARTESIAN_POINT('',(-15.,15.,25.));
#1754 = DIRECTION('',(0.,0.,1.));
#1755 = DIRECTION('',(1.,0.,0.));
#1756 = ADVANCED_FACE('',(#1757),#1782,.F.);
#1757 = FACE_BOUND('',#1758,.F.);
#1758 = EDGE_LOOP('',(#1759,#1767,#1775,#1781));
#1759 = ORIENTED_EDGE('',*,*,#1760,.T.);
#1760 = EDGE_CURVE('',#1383,#1761,#1763,.T.);
#1761 = VERTEX_POINT('',#1762);
#1762 = CARTESIAN_POINT('',(-9.,-12.25,12.));
#1763 = LINE('',#1764,#1765);
#1764 = CARTESIAN_POINT('',(-9.,-12.25,25.));
#1765 = VECTOR('',#1766,1.);
#1766 = DIRECTION('',(-0.,-0.,-1.));
#1767 = ORIENTED_EDGE('',*,*,#1768,.T.);
#1768 = EDGE_CURVE('',#1761,#1769,#1771,.T.);
#1769 = VERTEX_POINT('',#1770);
#1770 = CARTESIAN_POINT('',(-9.,-17.,12.));
#1771 = LINE('',#1772,#1773);
#1772 = CARTESIAN_POINT('',(-9.,-12.25,12.));
#1773 = VECTOR('',#1774,1.);
#1774 = DIRECTION('',(0.,-1.,0.));
#1775 = ORIENTED_EDGE('',*,*,#1776,.F.);
#1776 = EDGE_CURVE('',#1385,#1769,#1777,.T.);
#1777 = LINE('',#1778,#1779);
#1778 = CARTESIAN_POINT('',(-9.,-17.,25.));
#1779 = VECTOR('',#1780,1.);
#1780 = DIRECTION('',(-0.,-0.,-1.));
#1781 = ORIENTED_EDGE('',*,*,#1382,.F.);
#1782 = PLANE('',#1783);
#1783 = AXIS2_PLACEMENT_3D('',#1784,#1785,#1786);
#1784 = CARTESIAN_POINT('',(-9.,-12.25,25.));
#1785 = DIRECTION('',(-1.,0.,0.));
#1786 = DIRECTION('',(0.,-1.,0.));
#1787 = ADVANCED_FACE('',(#1788),#1806,.F.);
#1788 = FACE_BOUND('',#1789,.F.);
#1789 = EDGE_LOOP('',(#1790,#1791,#1799,#1805));
#1790 = ORIENTED_EDGE('',*,*,#1392,.F.);
#1791 = ORIENTED_EDGE('',*,*,#1792,.F.);
#1792 = EDGE_CURVE('',#1793,#1393,#1795,.T.);
#1793 = VERTEX_POINT('',#1794);
#1794 = CARTESIAN_POINT('',(-2.5,-12.25,12.));
#1795 = LINE('',#1796,#1797);
#1796 = CARTESIAN_POINT('',(-2.5,-12.25,25.));
#1797 = VECTOR('',#1798,1.);
#1798 = DIRECTION('',(0.,0.,1.));
#1799 = ORIENTED_EDGE('',*,*,#1800,.T.);
#1800 = EDGE_CURVE('',#1793,#1761,#1801,.T.);
#1801 = LINE('',#1802,#1803);
#1802 = CARTESIAN_POINT('',(9.,-12.25,12.));
#1803 = VECTOR('',#1804,1.);
#1804 = DIRECTION('',(-1.,0.,0.));
#1805 = ORIENTED_EDGE('',*,*,#1760,.F.);
#1806 = PLANE('',#1807);
#1807 = AXIS2_PLACEMENT_3D('',#1808,#1809,#1810);
#1808 = CARTESIAN_POINT('',(9.,-12.25,25.));
#1809 = DIRECTION('',(0.,1.,0.));
#1810 = DIRECTION('',(-1.,0.,0.));
#1811 = ADVANCED_FACE('',(#1812),#1862,.T.);
#1812 = FACE_BOUND('',#1813,.T.);
#1813 = EDGE_LOOP('',(#1814,#1824,#1832,#1840,#1846,#1847,#1848,#1856));
#1814 = ORIENTED_EDGE('',*,*,#1815,.T.);
#1815 = EDGE_CURVE('',#1816,#1818,#1820,.T.);
#1816 = VERTEX_POINT('',#1817);
#1817 = CARTESIAN_POINT('',(2.5,-17.,12.));
#1818 = VERTEX_POINT('',#1819);
#1819 = CARTESIAN_POINT('',(2.5,-17.,11.2));
#1820 = LINE('',#1821,#1822);
#1821 = CARTESIAN_POINT('',(2.5,-17.,25.));
#1822 = VECTOR('',#1823,1.);
#1823 = DIRECTION('',(-0.,-0.,-1.));
#1824 = ORIENTED_EDGE('',*,*,#1825,.F.);
#1825 = EDGE_CURVE('',#1826,#1818,#1828,.T.);
#1826 = VERTEX_POINT('',#1827);
#1827 = CARTESIAN_POINT('',(-2.5,-17.,11.2));
#1828 = LINE('',#1829,#1830);
#1829 = CARTESIAN_POINT('',(-2.5,-17.,11.2));
#1830 = VECTOR('',#1831,1.);
#1831 = DIRECTION('',(1.,0.,0.));
#1832 = ORIENTED_EDGE('',*,*,#1833,.F.);
#1833 = EDGE_CURVE('',#1834,#1826,#1836,.T.);
#1834 = VERTEX_POINT('',#1835);
#1835 = CARTESIAN_POINT('',(-2.5,-17.,12.));
#1836 = LINE('',#1837,#1838);
#1837 = CARTESIAN_POINT('',(-2.5,-17.,25.));
#1838 = VECTOR('',#1839,1.);
#1839 = DIRECTION('',(-0.,-0.,-1.));
#1840 = ORIENTED_EDGE('',*,*,#1841,.F.);
#1841 = EDGE_CURVE('',#1769,#1834,#1842,.T.);
#1842 = LINE('',#1843,#1844);
#1843 = CARTESIAN_POINT('',(-9.,-17.,12.));
#1844 = VECTOR('',#1845,1.);
#1845 = DIRECTION('',(1.,0.,0.));
#1846 = ORIENTED_EDGE('',*,*,#1776,.F.);
#1847 = ORIENTED_EDGE('',*,*,#1536,.T.);
#1848 = ORIENTED_EDGE('',*,*,#1849,.T.);
#1849 = EDGE_CURVE('',#1529,#1850,#1852,.T.);
#1850 = VERTEX_POINT('',#1851);
#1851 = CARTESIAN_POINT('',(9.,-17.,12.));
#1852 = LINE('',#1853,#1854);
#1853 = CARTESIAN_POINT('',(9.,-17.,25.));
#1854 = VECTOR('',#1855,1.);
#1855 = DIRECTION('',(-0.,-0.,-1.));
#1856 = ORIENTED_EDGE('',*,*,#1857,.F.);
#1857 = EDGE_CURVE('',#1816,#1850,#1858,.T.);
#1858 = LINE('',#1859,#1860);
#1859 = CARTESIAN_POINT('',(-9.,-17.,12.));
#1860 = VECTOR('',#1861,1.);
#1861 = DIRECTION('',(1.,0.,0.));
#1862 = PLANE('',#1863);
#1863 = AXIS2_PLACEMENT_3D('',#1864,#1865,#1866);
#1864 = CARTESIAN_POINT('',(0.,-17.,18.263522012579));
#1865 = DIRECTION('',(0.,1.,0.));
#1866 = DIRECTION('',(0.,0.,1.));
#1867 = ADVANCED_FACE('',(#1868),#1925,.F.);
#1868 = FACE_BOUND('',#1869,.F.);
#1869 = EDGE_LOOP('',(#1870,#1878,#1879,#1885,#1886,#1887,#1895,#1903,
    #1911,#1919));
#1870 = ORIENTED_EDGE('',*,*,#1871,.T.);
#1871 = EDGE_CURVE('',#1872,#1826,#1874,.T.);
#1872 = VERTEX_POINT('',#1873);
#1873 = CARTESIAN_POINT('',(-2.5,-8.15,11.2));
#1874 = LINE('',#1875,#1876);
#1875 = CARTESIAN_POINT('',(-2.5,17.,11.2));
#1876 = VECTOR('',#1877,1.);
#1877 = DIRECTION('',(0.,-1.,0.));
#1878 = ORIENTED_EDGE('',*,*,#1833,.F.);
#1879 = ORIENTED_EDGE('',*,*,#1880,.F.);
#1880 = EDGE_CURVE('',#1793,#1834,#1881,.T.);
#1881 = LINE('',#1882,#1883);
#1882 = CARTESIAN_POINT('',(-2.5,8.5,12.));
#1883 = VECTOR('',#1884,1.);
#1884 = DIRECTION('',(0.,-1.,0.));
#1885 = ORIENTED_EDGE('',*,*,#1792,.T.);
#1886 = ORIENTED_EDGE('',*,*,#1400,.F.);
#1887 = ORIENTED_EDGE('',*,*,#1888,.F.);
#1888 = EDGE_CURVE('',#1889,#1401,#1891,.T.);
#1889 = VERTEX_POINT('',#1890);
#1890 = CARTESIAN_POINT('',(-2.5,-10.25,12.));
#1891 = LINE('',#1892,#1893);
#1892 = CARTESIAN_POINT('',(-2.5,-10.25,18.5));
#1893 = VECTOR('',#1894,1.);
#1894 = DIRECTION('',(0.,0.,1.));
#1895 = ORIENTED_EDGE('',*,*,#1896,.F.);
#1896 = EDGE_CURVE('',#1897,#1889,#1899,.T.);
#1897 = VERTEX_POINT('',#1898);
#1898 = CARTESIAN_POINT('',(-2.5,-7.15,12.));
#1899 = LINE('',#1900,#1901);
#1900 = CARTESIAN_POINT('',(-2.5,8.5,12.));
#1901 = VECTOR('',#1902,1.);
#1902 = DIRECTION('',(0.,-1.,0.));
#1903 = ORIENTED_EDGE('',*,*,#1904,.F.);
#1904 = EDGE_CURVE('',#1905,#1897,#1907,.T.);
#1905 = VERTEX_POINT('',#1906);
#1906 = CARTESIAN_POINT('',(-2.5,-7.15,11.2));
#1907 = LINE('',#1908,#1909);
#1908 = CARTESIAN_POINT('',(-2.5,-7.15,15.999999999998));
#1909 = VECTOR('',#1910,1.);
#1910 = DIRECTION('',(0.,-1.7604E-13,1.));
#1911 = ORIENTED_EDGE('',*,*,#1912,.T.);
#1912 = EDGE_CURVE('',#1905,#1913,#1915,.T.);
#1913 = VERTEX_POINT('',#1914);
#1914 = CARTESIAN_POINT('',(-2.5,-7.149999999999,10.2));
#1915 = LINE('',#1916,#1917);
#1916 = CARTESIAN_POINT('',(-2.5,-7.15,15.999999999998));
#1917 = VECTOR('',#1918,1.);
#1918 = DIRECTION('',(0.,1.7604E-13,-1.));
#1919 = ORIENTED_EDGE('',*,*,#1920,.T.);
#1920 = EDGE_CURVE('',#1913,#1872,#1921,.T.);
#1921 = LINE('',#1922,#1923);
#1922 = CARTESIAN_POINT('',(-2.5,-5.062499999998,8.1125));
#1923 = VECTOR('',#1924,1.);
#1924 = DIRECTION('',(0.,-0.707106781187,0.707106781186));
#1925 = PLANE('',#1926);
#1926 = AXIS2_PLACEMENT_3D('',#1927,#1928,#1929);
#1927 = CARTESIAN_POINT('',(-2.5,17.,25.));
#1928 = DIRECTION('',(-1.,0.,0.));
#1929 = DIRECTION('',(0.,-1.,0.));
#1930 = ADVANCED_FACE('',(#1931),#1949,.F.);
#1931 = FACE_BOUND('',#1932,.F.);
#1932 = EDGE_LOOP('',(#1933,#1934,#1942,#1948));
#1933 = ORIENTED_EDGE('',*,*,#1849,.T.);
#1934 = ORIENTED_EDGE('',*,*,#1935,.T.);
#1935 = EDGE_CURVE('',#1850,#1936,#1938,.T.);
#1936 = VERTEX_POINT('',#1937);
#1937 = CARTESIAN_POINT('',(9.,-12.25,12.));
#1938 = LINE('',#1939,#1940);
#1939 = CARTESIAN_POINT('',(9.,-17.,12.));
#1940 = VECTOR('',#1941,1.);
#1941 = DIRECTION('',(0.,1.,0.));
#1942 = ORIENTED_EDGE('',*,*,#1943,.F.);
#1943 = EDGE_CURVE('',#1521,#1936,#1944,.T.);
#1944 = LINE('',#1945,#1946);
#1945 = CARTESIAN_POINT('',(9.,-12.25,25.));
#1946 = VECTOR('',#1947,1.);
#1947 = DIRECTION('',(-0.,-0.,-1.));
#1948 = ORIENTED_EDGE('',*,*,#1528,.F.);
#1949 = PLANE('',#1950);
#1950 = AXIS2_PLACEMENT_3D('',#1951,#1952,#1953);
#1951 = CARTESIAN_POINT('',(9.,-17.,25.));
#1952 = DIRECTION('',(1.,0.,0.));
#1953 = DIRECTION('',(0.,1.,0.));
#1954 = ADVANCED_FACE('',(#1955),#1973,.T.);
#1955 = FACE_BOUND('',#1956,.T.);
#1956 = EDGE_LOOP('',(#1957,#1965,#1971,#1972));
#1957 = ORIENTED_EDGE('',*,*,#1958,.F.);
#1958 = EDGE_CURVE('',#1959,#1889,#1961,.T.);
#1959 = VERTEX_POINT('',#1960);
#1960 = CARTESIAN_POINT('',(-17.5,-10.25,12.));
#1961 = LINE('',#1962,#1963);
#1962 = CARTESIAN_POINT('',(-17.5,-10.25,12.));
#1963 = VECTOR('',#1964,1.);
#1964 = DIRECTION('',(1.,0.,0.));
#1965 = ORIENTED_EDGE('',*,*,#1966,.T.);
#1966 = EDGE_CURVE('',#1959,#1409,#1967,.T.);
#1967 = LINE('',#1968,#1969);
#1968 = CARTESIAN_POINT('',(-17.5,-10.25,12.));
#1969 = VECTOR('',#1970,1.);
#1970 = DIRECTION('',(0.,0.,1.));
#1971 = ORIENTED_EDGE('',*,*,#1408,.T.);
#1972 = ORIENTED_EDGE('',*,*,#1888,.F.);
#1973 = PLANE('',#1974);
#1974 = AXIS2_PLACEMENT_3D('',#1975,#1976,#1977);
#1975 = CARTESIAN_POINT('',(-17.5,-10.25,12.));
#1976 = DIRECTION('',(0.,1.,0.));
#1977 = DIRECTION('',(1.,0.,0.));
#1978 = ADVANCED_FACE('',(#1979),#1997,.F.);
#1979 = FACE_BOUND('',#1980,.F.);
#1980 = EDGE_LOOP('',(#1981,#1982,#1983,#1991));
#1981 = ORIENTED_EDGE('',*,*,#1520,.F.);
#1982 = ORIENTED_EDGE('',*,*,#1943,.T.);
#1983 = ORIENTED_EDGE('',*,*,#1984,.T.);
#1984 = EDGE_CURVE('',#1936,#1985,#1987,.T.);
#1985 = VERTEX_POINT('',#1986);
#1986 = CARTESIAN_POINT('',(2.5,-12.25,12.));
#1987 = LINE('',#1988,#1989);
#1988 = CARTESIAN_POINT('',(9.,-12.25,12.));
#1989 = VECTOR('',#1990,1.);
#1990 = DIRECTION('',(-1.,0.,0.));
#1991 = ORIENTED_EDGE('',*,*,#1992,.F.);
#1992 = EDGE_CURVE('',#1513,#1985,#1993,.T.);
#1993 = LINE('',#1994,#1995);
#1994 = CARTESIAN_POINT('',(2.5,-12.25,25.));
#1995 = VECTOR('',#1996,1.);
#1996 = DIRECTION('',(0.,0.,-1.));
#1997 = PLANE('',#1998);
#1998 = AXIS2_PLACEMENT_3D('',#1999,#2000,#2001);
#1999 = CARTESIAN_POINT('',(9.,-12.25,25.));
#2000 = DIRECTION('',(0.,1.,0.));
#2001 = DIRECTION('',(-1.,0.,0.));
#2002 = ADVANCED_FACE('',(#2003),#2021,.T.);
#2003 = FACE_BOUND('',#2004,.T.);
#2004 = EDGE_LOOP('',(#2005,#2013,#2019,#2020));
#2005 = ORIENTED_EDGE('',*,*,#2006,.F.);
#2006 = EDGE_CURVE('',#2007,#1959,#2009,.T.);
#2007 = VERTEX_POINT('',#2008);
#2008 = CARTESIAN_POINT('',(-17.5,10.25,12.));
#2009 = LINE('',#2010,#2011);
#2010 = CARTESIAN_POINT('',(-17.5,10.25,12.));
#2011 = VECTOR('',#2012,1.);
#2012 = DIRECTION('',(0.,-1.,0.));
#2013 = ORIENTED_EDGE('',*,*,#2014,.T.);
#2014 = EDGE_CURVE('',#2007,#1417,#2015,.T.);
#2015 = LINE('',#2016,#2017);
#2016 = CARTESIAN_POINT('',(-17.5,10.25,12.));
#2017 = VECTOR('',#2018,1.);
#2018 = DIRECTION('',(0.,0.,1.));
#2019 = ORIENTED_EDGE('',*,*,#1416,.T.);
#2020 = ORIENTED_EDGE('',*,*,#1966,.F.);
#2021 = PLANE('',#2022);
#2022 = AXIS2_PLACEMENT_3D('',#2023,#2024,#2025);
#2023 = CARTESIAN_POINT('',(-17.5,10.25,12.));
#2024 = DIRECTION('',(1.,0.,0.));
#2025 = DIRECTION('',(0.,-1.,0.));
#2026 = ADVANCED_FACE('',(#2027),#2084,.F.);
#2027 = FACE_BOUND('',#2028,.F.);
#2028 = EDGE_LOOP('',(#2029,#2037,#2045,#2053,#2061,#2069,#2075,#2076,
    #2077,#2083));
#2029 = ORIENTED_EDGE('',*,*,#2030,.T.);
#2030 = EDGE_CURVE('',#1818,#2031,#2033,.T.);
#2031 = VERTEX_POINT('',#2032);
#2032 = CARTESIAN_POINT('',(2.5,-8.15,11.2));
#2033 = LINE('',#2034,#2035);
#2034 = CARTESIAN_POINT('',(2.5,-17.,11.2));
#2035 = VECTOR('',#2036,1.);
#2036 = DIRECTION('',(0.,1.,0.));
#2037 = ORIENTED_EDGE('',*,*,#2038,.F.);
#2038 = EDGE_CURVE('',#2039,#2031,#2041,.T.);
#2039 = VERTEX_POINT('',#2040);
#2040 = CARTESIAN_POINT('',(2.5,-7.149999999999,10.2));
#2041 = LINE('',#2042,#2043);
#2042 = CARTESIAN_POINT('',(2.5,-13.5625,16.6125));
#2043 = VECTOR('',#2044,1.);
#2044 = DIRECTION('',(0.,-0.707106781187,0.707106781186));
#2045 = ORIENTED_EDGE('',*,*,#2046,.F.);
#2046 = EDGE_CURVE('',#2047,#2039,#2049,.T.);
#2047 = VERTEX_POINT('',#2048);
#2048 = CARTESIAN_POINT('',(2.5,-7.15,11.2));
#2049 = LINE('',#2050,#2051);
#2050 = CARTESIAN_POINT('',(2.5,-7.15,16.000000000001));
#2051 = VECTOR('',#2052,1.);
#2052 = DIRECTION('',(0.,1.7604E-13,-1.));
#2053 = ORIENTED_EDGE('',*,*,#2054,.F.);
#2054 = EDGE_CURVE('',#2055,#2047,#2057,.T.);
#2055 = VERTEX_POINT('',#2056);
#2056 = CARTESIAN_POINT('',(2.5,-7.15,12.));
#2057 = LINE('',#2058,#2059);
#2058 = CARTESIAN_POINT('',(2.5,-7.15,16.000000000001));
#2059 = VECTOR('',#2060,1.);
#2060 = DIRECTION('',(0.,1.7604E-13,-1.));
#2061 = ORIENTED_EDGE('',*,*,#2062,.F.);
#2062 = EDGE_CURVE('',#2063,#2055,#2065,.T.);
#2063 = VERTEX_POINT('',#2064);
#2064 = CARTESIAN_POINT('',(2.5,-10.25,12.));
#2065 = LINE('',#2066,#2067);
#2066 = CARTESIAN_POINT('',(2.5,-8.5,12.));
#2067 = VECTOR('',#2068,1.);
#2068 = DIRECTION('',(0.,1.,0.));
#2069 = ORIENTED_EDGE('',*,*,#2070,.F.);
#2070 = EDGE_CURVE('',#1505,#2063,#2071,.T.);
#2071 = LINE('',#2072,#2073);
#2072 = CARTESIAN_POINT('',(2.5,-10.25,18.5));
#2073 = VECTOR('',#2074,1.);
#2074 = DIRECTION('',(0.,0.,-1.));
#2075 = ORIENTED_EDGE('',*,*,#1512,.F.);
#2076 = ORIENTED_EDGE('',*,*,#1992,.T.);
#2077 = ORIENTED_EDGE('',*,*,#2078,.F.);
#2078 = EDGE_CURVE('',#1816,#1985,#2079,.T.);
#2079 = LINE('',#2080,#2081);
#2080 = CARTESIAN_POINT('',(2.5,-8.5,12.));
#2081 = VECTOR('',#2082,1.);
#2082 = DIRECTION('',(0.,1.,0.));
#2083 = ORIENTED_EDGE('',*,*,#1815,.T.);
#2084 = PLANE('',#2085);
#2085 = AXIS2_PLACEMENT_3D('',#2086,#2087,#2088);
#2086 = CARTESIAN_POINT('',(2.5,-17.,25.));
#2087 = DIRECTION('',(1.,0.,0.));
#2088 = DIRECTION('',(0.,1.,0.));
#2089 = ADVANCED_FACE('',(#2090),#2108,.F.);
#2090 = FACE_BOUND('',#2091,.F.);
#2091 = EDGE_LOOP('',(#2092,#2100,#2101,#2102));
#2092 = ORIENTED_EDGE('',*,*,#2093,.F.);
#2093 = EDGE_CURVE('',#2007,#2094,#2096,.T.);
#2094 = VERTEX_POINT('',#2095);
#2095 = CARTESIAN_POINT('',(-2.5,10.25,12.));
#2096 = LINE('',#2097,#2098);
#2097 = CARTESIAN_POINT('',(-17.5,10.25,12.));
#2098 = VECTOR('',#2099,1.);
#2099 = DIRECTION('',(1.,0.,0.));
#2100 = ORIENTED_EDGE('',*,*,#2014,.T.);
#2101 = ORIENTED_EDGE('',*,*,#1424,.T.);
#2102 = ORIENTED_EDGE('',*,*,#2103,.F.);
#2103 = EDGE_CURVE('',#2094,#1425,#2104,.T.);
#2104 = LINE('',#2105,#2106);
#2105 = CARTESIAN_POINT('',(-2.5,10.25,18.5));
#2106 = VECTOR('',#2107,1.);
#2107 = DIRECTION('',(0.,0.,1.));
#2108 = PLANE('',#2109);
#2109 = AXIS2_PLACEMENT_3D('',#2110,#2111,#2112);
#2110 = CARTESIAN_POINT('',(-17.5,10.25,12.));
#2111 = DIRECTION('',(0.,1.,0.));
#2112 = DIRECTION('',(1.,0.,0.));
#2113 = ADVANCED_FACE('',(#2114),#2132,.T.);
#2114 = FACE_BOUND('',#2115,.T.);
#2115 = EDGE_LOOP('',(#2116,#2124,#2125,#2126));
#2116 = ORIENTED_EDGE('',*,*,#2117,.F.);
#2117 = EDGE_CURVE('',#2063,#2118,#2120,.T.);
#2118 = VERTEX_POINT('',#2119);
#2119 = CARTESIAN_POINT('',(17.5,-10.25,12.));
#2120 = LINE('',#2121,#2122);
#2121 = CARTESIAN_POINT('',(-17.5,-10.25,12.));
#2122 = VECTOR('',#2123,1.);
#2123 = DIRECTION('',(1.,0.,0.));
#2124 = ORIENTED_EDGE('',*,*,#2070,.F.);
#2125 = ORIENTED_EDGE('',*,*,#1504,.T.);
#2126 = ORIENTED_EDGE('',*,*,#2127,.F.);
#2127 = EDGE_CURVE('',#2118,#1497,#2128,.T.);
#2128 = LINE('',#2129,#2130);
#2129 = CARTESIAN_POINT('',(17.5,-10.25,12.));
#2130 = VECTOR('',#2131,1.);
#2131 = DIRECTION('',(0.,0.,1.));
#2132 = PLANE('',#2133);
#2133 = AXIS2_PLACEMENT_3D('',#2134,#2135,#2136);
#2134 = CARTESIAN_POINT('',(-17.5,-10.25,12.));
#2135 = DIRECTION('',(0.,1.,0.));
#2136 = DIRECTION('',(1.,0.,0.));
#2137 = ADVANCED_FACE('',(#2138),#2204,.F.);
#2138 = FACE_BOUND('',#2139,.F.);
#2139 = EDGE_LOOP('',(#2140,#2150,#2158,#2166,#2174,#2180,#2181,#2182,
    #2190,#2198));
#2140 = ORIENTED_EDGE('',*,*,#2141,.T.);
#2141 = EDGE_CURVE('',#2142,#2144,#2146,.T.);
#2142 = VERTEX_POINT('',#2143);
#2143 = CARTESIAN_POINT('',(-2.5,17.,11.2));
#2144 = VERTEX_POINT('',#2145);
#2145 = CARTESIAN_POINT('',(-2.5,8.15,11.2));
#2146 = LINE('',#2147,#2148);
#2147 = CARTESIAN_POINT('',(-2.5,17.,11.2));
#2148 = VECTOR('',#2149,1.);
#2149 = DIRECTION('',(0.,-1.,0.));
#2150 = ORIENTED_EDGE('',*,*,#2151,.F.);
#2151 = EDGE_CURVE('',#2152,#2144,#2154,.T.);
#2152 = VERTEX_POINT('',#2153);
#2153 = CARTESIAN_POINT('',(-2.5,7.150000000001,10.2));
#2154 = LINE('',#2155,#2156);
#2155 = CARTESIAN_POINT('',(-2.5,13.5625,16.6125));
#2156 = VECTOR('',#2157,1.);
#2157 = DIRECTION('',(0.,0.707106781186,0.707106781187));
#2158 = ORIENTED_EDGE('',*,*,#2159,.F.);
#2159 = EDGE_CURVE('',#2160,#2152,#2162,.T.);
#2160 = VERTEX_POINT('',#2161);
#2161 = CARTESIAN_POINT('',(-2.5,7.15,11.2));
#2162 = LINE('',#2163,#2164);
#2163 = CARTESIAN_POINT('',(-2.5,7.15,15.999999999999));
#2164 = VECTOR('',#2165,1.);
#2165 = DIRECTION('',(0.,1.7585E-13,-1.));
#2166 = ORIENTED_EDGE('',*,*,#2167,.F.);
#2167 = EDGE_CURVE('',#2168,#2160,#2170,.T.);
#2168 = VERTEX_POINT('',#2169);
#2169 = CARTESIAN_POINT('',(-2.5,7.15,12.));
#2170 = LINE('',#2171,#2172);
#2171 = CARTESIAN_POINT('',(-2.5,7.15,15.999999999999));
#2172 = VECTOR('',#2173,1.);
#2173 = DIRECTION('',(0.,1.7585E-13,-1.));
#2174 = ORIENTED_EDGE('',*,*,#2175,.F.);
#2175 = EDGE_CURVE('',#2094,#2168,#2176,.T.);
#2176 = LINE('',#2177,#2178);
#2177 = CARTESIAN_POINT('',(-2.5,8.5,12.));
#2178 = VECTOR('',#2179,1.);
#2179 = DIRECTION('',(0.,-1.,0.));
#2180 = ORIENTED_EDGE('',*,*,#2103,.T.);
#2181 = ORIENTED_EDGE('',*,*,#1432,.F.);
#2182 = ORIENTED_EDGE('',*,*,#2183,.T.);
#2183 = EDGE_CURVE('',#1433,#2184,#2186,.T.);
#2184 = VERTEX_POINT('',#2185);
#2185 = CARTESIAN_POINT('',(-2.5,12.25,12.));
#2186 = LINE('',#2187,#2188);
#2187 = CARTESIAN_POINT('',(-2.5,12.25,25.));
#2188 = VECTOR('',#2189,1.);
#2189 = DIRECTION('',(-0.,-0.,-1.));
#2190 = ORIENTED_EDGE('',*,*,#2191,.F.);
#2191 = EDGE_CURVE('',#2192,#2184,#2194,.T.);
#2192 = VERTEX_POINT('',#2193);
#2193 = CARTESIAN_POINT('',(-2.5,17.,12.));
#2194 = LINE('',#2195,#2196);
#2195 = CARTESIAN_POINT('',(-2.5,8.5,12.));
#2196 = VECTOR('',#2197,1.);
#2197 = DIRECTION('',(0.,-1.,0.));
#2198 = ORIENTED_EDGE('',*,*,#2199,.T.);
#2199 = EDGE_CURVE('',#2192,#2142,#2200,.T.);
#2200 = LINE('',#2201,#2202);
#2201 = CARTESIAN_POINT('',(-2.5,17.,25.));
#2202 = VECTOR('',#2203,1.);
#2203 = DIRECTION('',(-0.,-0.,-1.));
#2204 = PLANE('',#2205);
#2205 = AXIS2_PLACEMENT_3D('',#2206,#2207,#2208);
#2206 = CARTESIAN_POINT('',(-2.5,17.,25.));
#2207 = DIRECTION('',(-1.,0.,0.));
#2208 = DIRECTION('',(0.,-1.,0.));
#2209 = ADVANCED_FACE('',(#2210),#2228,.T.);
#2210 = FACE_BOUND('',#2211,.T.);
#2211 = EDGE_LOOP('',(#2212,#2220,#2221,#2222));
#2212 = ORIENTED_EDGE('',*,*,#2213,.F.);
#2213 = EDGE_CURVE('',#2118,#2214,#2216,.T.);
#2214 = VERTEX_POINT('',#2215);
#2215 = CARTESIAN_POINT('',(17.5,10.25,12.));
#2216 = LINE('',#2217,#2218);
#2217 = CARTESIAN_POINT('',(17.5,-10.25,12.));
#2218 = VECTOR('',#2219,1.);
#2219 = DIRECTION('',(0.,1.,0.));
#2220 = ORIENTED_EDGE('',*,*,#2127,.T.);
#2221 = ORIENTED_EDGE('',*,*,#1496,.T.);
#2222 = ORIENTED_EDGE('',*,*,#2223,.F.);
#2223 = EDGE_CURVE('',#2214,#1489,#2224,.T.);
#2224 = LINE('',#2225,#2226);
#2225 = CARTESIAN_POINT('',(17.5,10.25,12.));
#2226 = VECTOR('',#2227,1.);
#2227 = DIRECTION('',(0.,0.,1.));
#2228 = PLANE('',#2229);
#2229 = AXIS2_PLACEMENT_3D('',#2230,#2231,#2232);
#2230 = CARTESIAN_POINT('',(17.5,-10.25,12.));
#2231 = DIRECTION('',(-1.,0.,0.));
#2232 = DIRECTION('',(0.,1.,0.));
#2233 = ADVANCED_FACE('',(#2234),#2252,.F.);
#2234 = FACE_BOUND('',#2235,.F.);
#2235 = EDGE_LOOP('',(#2236,#2237,#2245,#2251));
#2236 = ORIENTED_EDGE('',*,*,#1440,.F.);
#2237 = ORIENTED_EDGE('',*,*,#2238,.T.);
#2238 = EDGE_CURVE('',#1441,#2239,#2241,.T.);
#2239 = VERTEX_POINT('',#2240);
#2240 = CARTESIAN_POINT('',(-9.,12.25,12.));
#2241 = LINE('',#2242,#2243);
#2242 = CARTESIAN_POINT('',(-9.,12.25,25.));
#2243 = VECTOR('',#2244,1.);
#2244 = DIRECTION('',(-0.,-0.,-1.));
#2245 = ORIENTED_EDGE('',*,*,#2246,.T.);
#2246 = EDGE_CURVE('',#2239,#2184,#2247,.T.);
#2247 = LINE('',#2248,#2249);
#2248 = CARTESIAN_POINT('',(-9.,12.25,12.));
#2249 = VECTOR('',#2250,1.);
#2250 = DIRECTION('',(1.,0.,0.));
#2251 = ORIENTED_EDGE('',*,*,#2183,.F.);
#2252 = PLANE('',#2253);
#2253 = AXIS2_PLACEMENT_3D('',#2254,#2255,#2256);
#2254 = CARTESIAN_POINT('',(-9.,12.25,25.));
#2255 = DIRECTION('',(0.,-1.,0.));
#2256 = DIRECTION('',(1.,0.,0.));
#2257 = ADVANCED_FACE('',(#2258),#2276,.F.);
#2258 = FACE_BOUND('',#2259,.F.);
#2259 = EDGE_LOOP('',(#2260,#2268,#2274,#2275));
#2260 = ORIENTED_EDGE('',*,*,#2261,.F.);
#2261 = EDGE_CURVE('',#2262,#2214,#2264,.T.);
#2262 = VERTEX_POINT('',#2263);
#2263 = CARTESIAN_POINT('',(2.5,10.25,12.));
#2264 = LINE('',#2265,#2266);
#2265 = CARTESIAN_POINT('',(-17.5,10.25,12.));
#2266 = VECTOR('',#2267,1.);
#2267 = DIRECTION('',(1.,0.,0.));
#2268 = ORIENTED_EDGE('',*,*,#2269,.F.);
#2269 = EDGE_CURVE('',#1481,#2262,#2270,.T.);
#2270 = LINE('',#2271,#2272);
#2271 = CARTESIAN_POINT('',(2.5,10.25,18.5));
#2272 = VECTOR('',#2273,1.);
#2273 = DIRECTION('',(0.,0.,-1.));
#2274 = ORIENTED_EDGE('',*,*,#1488,.T.);
#2275 = ORIENTED_EDGE('',*,*,#2223,.F.);
#2276 = PLANE('',#2277);
#2277 = AXIS2_PLACEMENT_3D('',#2278,#2279,#2280);
#2278 = CARTESIAN_POINT('',(-17.5,10.25,12.));
#2279 = DIRECTION('',(0.,1.,0.));
#2280 = DIRECTION('',(1.,0.,0.));
#2281 = ADVANCED_FACE('',(#2282),#2300,.F.);
#2282 = FACE_BOUND('',#2283,.F.);
#2283 = EDGE_LOOP('',(#2284,#2292,#2298,#2299));
#2284 = ORIENTED_EDGE('',*,*,#2285,.T.);
#2285 = EDGE_CURVE('',#1449,#2286,#2288,.T.);
#2286 = VERTEX_POINT('',#2287);
#2287 = CARTESIAN_POINT('',(-9.,17.,12.));
#2288 = LINE('',#2289,#2290);
#2289 = CARTESIAN_POINT('',(-9.,17.,25.));
#2290 = VECTOR('',#2291,1.);
#2291 = DIRECTION('',(-0.,-0.,-1.));
#2292 = ORIENTED_EDGE('',*,*,#2293,.T.);
#2293 = EDGE_CURVE('',#2286,#2239,#2294,.T.);
#2294 = LINE('',#2295,#2296);
#2295 = CARTESIAN_POINT('',(-9.,17.,12.));
#2296 = VECTOR('',#2297,1.);
#2297 = DIRECTION('',(0.,-1.,0.));
#2298 = ORIENTED_EDGE('',*,*,#2238,.F.);
#2299 = ORIENTED_EDGE('',*,*,#1448,.F.);
#2300 = PLANE('',#2301);
#2301 = AXIS2_PLACEMENT_3D('',#2302,#2303,#2304);
#2302 = CARTESIAN_POINT('',(-9.,17.,25.));
#2303 = DIRECTION('',(-1.,0.,0.));
#2304 = DIRECTION('',(0.,-1.,0.));
#2305 = ADVANCED_FACE('',(#2306),#2372,.F.);
#2306 = FACE_BOUND('',#2307,.F.);
#2307 = EDGE_LOOP('',(#2308,#2318,#2326,#2334,#2340,#2341,#2342,#2350,
    #2358,#2366));
#2308 = ORIENTED_EDGE('',*,*,#2309,.T.);
#2309 = EDGE_CURVE('',#2310,#2312,#2314,.T.);
#2310 = VERTEX_POINT('',#2311);
#2311 = CARTESIAN_POINT('',(2.5,8.15,11.2));
#2312 = VERTEX_POINT('',#2313);
#2313 = CARTESIAN_POINT('',(2.5,17.,11.2));
#2314 = LINE('',#2315,#2316);
#2315 = CARTESIAN_POINT('',(2.5,-17.,11.2));
#2316 = VECTOR('',#2317,1.);
#2317 = DIRECTION('',(0.,1.,0.));
#2318 = ORIENTED_EDGE('',*,*,#2319,.F.);
#2319 = EDGE_CURVE('',#2320,#2312,#2322,.T.);
#2320 = VERTEX_POINT('',#2321);
#2321 = CARTESIAN_POINT('',(2.5,17.,12.));
#2322 = LINE('',#2323,#2324);
#2323 = CARTESIAN_POINT('',(2.5,17.,25.));
#2324 = VECTOR('',#2325,1.);
#2325 = DIRECTION('',(-0.,-0.,-1.));
#2326 = ORIENTED_EDGE('',*,*,#2327,.F.);
#2327 = EDGE_CURVE('',#2328,#2320,#2330,.T.);
#2328 = VERTEX_POINT('',#2329);
#2329 = CARTESIAN_POINT('',(2.5,12.25,12.));
#2330 = LINE('',#2331,#2332);
#2331 = CARTESIAN_POINT('',(2.5,-8.5,12.));
#2332 = VECTOR('',#2333,1.);
#2333 = DIRECTION('',(0.,1.,0.));
#2334 = ORIENTED_EDGE('',*,*,#2335,.T.);
#2335 = EDGE_CURVE('',#2328,#1473,#2336,.T.);
#2336 = LINE('',#2337,#2338);
#2337 = CARTESIAN_POINT('',(2.5,12.25,25.));
#2338 = VECTOR('',#2339,1.);
#2339 = DIRECTION('',(0.,0.,1.));
#2340 = ORIENTED_EDGE('',*,*,#1480,.F.);
#2341 = ORIENTED_EDGE('',*,*,#2269,.T.);
#2342 = ORIENTED_EDGE('',*,*,#2343,.F.);
#2343 = EDGE_CURVE('',#2344,#2262,#2346,.T.);
#2344 = VERTEX_POINT('',#2345);
#2345 = CARTESIAN_POINT('',(2.5,7.15,12.));
#2346 = LINE('',#2347,#2348);
#2347 = CARTESIAN_POINT('',(2.5,-8.5,12.));
#2348 = VECTOR('',#2349,1.);
#2349 = DIRECTION('',(0.,1.,0.));
#2350 = ORIENTED_EDGE('',*,*,#2351,.F.);
#2351 = EDGE_CURVE('',#2352,#2344,#2354,.T.);
#2352 = VERTEX_POINT('',#2353);
#2353 = CARTESIAN_POINT('',(2.5,7.15,11.2));
#2354 = LINE('',#2355,#2356);
#2355 = CARTESIAN_POINT('',(2.5,7.15,16.000000000002));
#2356 = VECTOR('',#2357,1.);
#2357 = DIRECTION('',(0.,-1.7585E-13,1.));
#2358 = ORIENTED_EDGE('',*,*,#2359,.T.);
#2359 = EDGE_CURVE('',#2352,#2360,#2362,.T.);
#2360 = VERTEX_POINT('',#2361);
#2361 = CARTESIAN_POINT('',(2.5,7.150000000001,10.2));
#2362 = LINE('',#2363,#2364);
#2363 = CARTESIAN_POINT('',(2.5,7.15,16.000000000002));
#2364 = VECTOR('',#2365,1.);
#2365 = DIRECTION('',(0.,1.7585E-13,-1.));
#2366 = ORIENTED_EDGE('',*,*,#2367,.T.);
#2367 = EDGE_CURVE('',#2360,#2310,#2368,.T.);
#2368 = LINE('',#2369,#2370);
#2369 = CARTESIAN_POINT('',(2.5,5.062500000002,8.1125));
#2370 = VECTOR('',#2371,1.);
#2371 = DIRECTION('',(0.,0.707106781186,0.707106781187));
#2372 = PLANE('',#2373);
#2373 = AXIS2_PLACEMENT_3D('',#2374,#2375,#2376);
#2374 = CARTESIAN_POINT('',(2.5,-17.,25.));
#2375 = DIRECTION('',(1.,0.,0.));
#2376 = DIRECTION('',(0.,1.,0.));
#2377 = ADVANCED_FACE('',(#2378),#2410,.T.);
#2378 = FACE_BOUND('',#2379,.T.);
#2379 = EDGE_LOOP('',(#2380,#2381,#2387,#2388,#2396,#2402,#2403,#2404));
#2380 = ORIENTED_EDGE('',*,*,#2199,.T.);
#2381 = ORIENTED_EDGE('',*,*,#2382,.F.);
#2382 = EDGE_CURVE('',#2312,#2142,#2383,.T.);
#2383 = LINE('',#2384,#2385);
#2384 = CARTESIAN_POINT('',(2.5,17.,11.2));
#2385 = VECTOR('',#2386,1.);
#2386 = DIRECTION('',(-1.,0.,0.));
#2387 = ORIENTED_EDGE('',*,*,#2319,.F.);
#2388 = ORIENTED_EDGE('',*,*,#2389,.F.);
#2389 = EDGE_CURVE('',#2390,#2320,#2392,.T.);
#2390 = VERTEX_POINT('',#2391);
#2391 = CARTESIAN_POINT('',(9.,17.,12.));
#2392 = LINE('',#2393,#2394);
#2393 = CARTESIAN_POINT('',(9.,17.,12.));
#2394 = VECTOR('',#2395,1.);
#2395 = DIRECTION('',(-1.,0.,0.));
#2396 = ORIENTED_EDGE('',*,*,#2397,.F.);
#2397 = EDGE_CURVE('',#1457,#2390,#2398,.T.);
#2398 = LINE('',#2399,#2400);
#2399 = CARTESIAN_POINT('',(9.,17.,25.));
#2400 = VECTOR('',#2401,1.);
#2401 = DIRECTION('',(-0.,-0.,-1.));
#2402 = ORIENTED_EDGE('',*,*,#1456,.T.);
#2403 = ORIENTED_EDGE('',*,*,#2285,.T.);
#2404 = ORIENTED_EDGE('',*,*,#2405,.F.);
#2405 = EDGE_CURVE('',#2192,#2286,#2406,.T.);
#2406 = LINE('',#2407,#2408);
#2407 = CARTESIAN_POINT('',(9.,17.,12.));
#2408 = VECTOR('',#2409,1.);
#2409 = DIRECTION('',(-1.,0.,0.));
#2410 = PLANE('',#2411);
#2411 = AXIS2_PLACEMENT_3D('',#2412,#2413,#2414);
#2412 = CARTESIAN_POINT('',(0.,17.,18.263522012579));
#2413 = DIRECTION('',(-0.,-1.,-0.));
#2414 = DIRECTION('',(0.,0.,-1.));
#2415 = ADVANCED_FACE('',(#2416),#2434,.F.);
#2416 = FACE_BOUND('',#2417,.F.);
#2417 = EDGE_LOOP('',(#2418,#2419,#2420,#2428));
#2418 = ORIENTED_EDGE('',*,*,#1472,.F.);
#2419 = ORIENTED_EDGE('',*,*,#2335,.F.);
#2420 = ORIENTED_EDGE('',*,*,#2421,.T.);
#2421 = EDGE_CURVE('',#2328,#2422,#2424,.T.);
#2422 = VERTEX_POINT('',#2423);
#2423 = CARTESIAN_POINT('',(9.,12.25,12.));
#2424 = LINE('',#2425,#2426);
#2425 = CARTESIAN_POINT('',(-9.,12.25,12.));
#2426 = VECTOR('',#2427,1.);
#2427 = DIRECTION('',(1.,0.,0.));
#2428 = ORIENTED_EDGE('',*,*,#2429,.F.);
#2429 = EDGE_CURVE('',#1465,#2422,#2430,.T.);
#2430 = LINE('',#2431,#2432);
#2431 = CARTESIAN_POINT('',(9.,12.25,25.));
#2432 = VECTOR('',#2433,1.);
#2433 = DIRECTION('',(-0.,-0.,-1.));
#2434 = PLANE('',#2435);
#2435 = AXIS2_PLACEMENT_3D('',#2436,#2437,#2438);
#2436 = CARTESIAN_POINT('',(-9.,12.25,25.));
#2437 = DIRECTION('',(0.,-1.,0.));
#2438 = DIRECTION('',(1.,0.,0.));
#2439 = ADVANCED_FACE('',(#2440),#2451,.F.);
#2440 = FACE_BOUND('',#2441,.F.);
#2441 = EDGE_LOOP('',(#2442,#2443,#2449,#2450));
#2442 = ORIENTED_EDGE('',*,*,#2429,.T.);
#2443 = ORIENTED_EDGE('',*,*,#2444,.T.);
#2444 = EDGE_CURVE('',#2422,#2390,#2445,.T.);
#2445 = LINE('',#2446,#2447);
#2446 = CARTESIAN_POINT('',(9.,12.25,12.));
#2447 = VECTOR('',#2448,1.);
#2448 = DIRECTION('',(0.,1.,0.));
#2449 = ORIENTED_EDGE('',*,*,#2397,.F.);
#2450 = ORIENTED_EDGE('',*,*,#1464,.F.);
#2451 = PLANE('',#2452);
#2452 = AXIS2_PLACEMENT_3D('',#2453,#2454,#2455);
#2453 = CARTESIAN_POINT('',(9.,12.25,25.));
#2454 = DIRECTION('',(1.,0.,0.));
#2455 = DIRECTION('',(0.,1.,0.));
#2456 = ADVANCED_FACE('',(#2457),#2476,.F.);
#2457 = FACE_BOUND('',#2458,.F.);
#2458 = EDGE_LOOP('',(#2459,#2467,#2474,#2475));
#2459 = ORIENTED_EDGE('',*,*,#2460,.T.);
#2460 = EDGE_CURVE('',#1545,#2461,#2463,.T.);
#2461 = VERTEX_POINT('',#2462);
#2462 = CARTESIAN_POINT('',(17.05,15.,15.));
#2463 = LINE('',#2464,#2465);
#2464 = CARTESIAN_POINT('',(17.05,15.,25.));
#2465 = VECTOR('',#2466,1.);
#2466 = DIRECTION('',(-0.,-0.,-1.));
#2467 = ORIENTED_EDGE('',*,*,#2468,.T.);
#2468 = EDGE_CURVE('',#2461,#2461,#2469,.T.);
#2469 = CIRCLE('',#2470,2.05);
#2470 = AXIS2_PLACEMENT_3D('',#2471,#2472,#2473);
#2471 = CARTESIAN_POINT('',(15.,15.,15.));
#2472 = DIRECTION('',(0.,0.,1.));
#2473 = DIRECTION('',(1.,0.,0.));
#2474 = ORIENTED_EDGE('',*,*,#2460,.F.);
#2475 = ORIENTED_EDGE('',*,*,#1544,.F.);
#2476 = CYLINDRICAL_SURFACE('',#2477,2.05);
#2477 = AXIS2_PLACEMENT_3D('',#2478,#2479,#2480);
#2478 = CARTESIAN_POINT('',(15.,15.,25.));
#2479 = DIRECTION('',(0.,0.,1.));
#2480 = DIRECTION('',(1.,0.,0.));
#2481 = ADVANCED_FACE('',(#2482),#2539,.T.);
#2482 = FACE_BOUND('',#2483,.T.);
#2483 = EDGE_LOOP('',(#2484,#2494,#2502,#2508,#2509,#2517,#2525,#2533));
#2484 = ORIENTED_EDGE('',*,*,#2485,.F.);
#2485 = EDGE_CURVE('',#2486,#2488,#2490,.T.);
#2486 = VERTEX_POINT('',#2487);
#2487 = CARTESIAN_POINT('',(-16.4,1.E-15,2.));
#2488 = VERTEX_POINT('',#2489);
#2489 = CARTESIAN_POINT('',(-16.4,1.E-15,12.));
#2490 = LINE('',#2491,#2492);
#2491 = CARTESIAN_POINT('',(-16.4,8.9E-16,10.));
#2492 = VECTOR('',#2493,1.);
#2493 = DIRECTION('',(0.,0.,1.));
#2494 = ORIENTED_EDGE('',*,*,#2495,.T.);
#2495 = EDGE_CURVE('',#2486,#2496,#2498,.T.);
#2496 = VERTEX_POINT('',#2497);
#2497 = CARTESIAN_POINT('',(-13.,3.495505617981,2.));
#2498 = LINE('',#2499,#2500);
#2499 = CARTESIAN_POINT('',(-16.4,8.9E-16,2.));
#2500 = VECTOR('',#2501,1.);
#2501 = DIRECTION('',(0.697246183896,0.716831750861,0.));
#2502 = ORIENTED_EDGE('',*,*,#2503,.T.);
#2503 = EDGE_CURVE('',#2496,#1564,#2504,.T.);
#2504 = LINE('',#2505,#2506);
#2505 = CARTESIAN_POINT('',(-13.,3.495505617981,4.5));
#2506 = VECTOR('',#2507,1.);
#2507 = DIRECTION('',(0.,-8.023E-14,1.));
#2508 = ORIENTED_EDGE('',*,*,#1561,.F.);
#2509 = ORIENTED_EDGE('',*,*,#2510,.T.);
#2510 = EDGE_CURVE('',#1562,#2511,#2513,.T.);
#2511 = VERTEX_POINT('',#2512);
#2512 = CARTESIAN_POINT('',(-12.9956284153,3.500000000001,2.));
#2513 = LINE('',#2514,#2515);
#2514 = CARTESIAN_POINT('',(-12.9956284153,3.500000000001,4.5));
#2515 = VECTOR('',#2516,1.);
#2516 = DIRECTION('',(-7.804E-14,-0.,-1.));
#2517 = ORIENTED_EDGE('',*,*,#2518,.T.);
#2518 = EDGE_CURVE('',#2511,#2519,#2521,.T.);
#2519 = VERTEX_POINT('',#2520);
#2520 = CARTESIAN_POINT('',(-9.445355191264,7.150000000002,2.));
#2521 = LINE('',#2522,#2523);
#2522 = CARTESIAN_POINT('',(-16.4,8.9E-16,2.));
#2523 = VECTOR('',#2524,1.);
#2524 = DIRECTION('',(0.697246183896,0.716831750861,0.));
#2525 = ORIENTED_EDGE('',*,*,#2526,.T.);
#2526 = EDGE_CURVE('',#2519,#2527,#2529,.T.);
#2527 = VERTEX_POINT('',#2528);
#2528 = CARTESIAN_POINT('',(-9.445355191264,7.15,12.));
#2529 = LINE('',#2530,#2531);
#2530 = CARTESIAN_POINT('',(-9.445355191264,7.150000000002,2.));
#2531 = VECTOR('',#2532,1.);
#2532 = DIRECTION('',(0.,0.,1.));
#2533 = ORIENTED_EDGE('',*,*,#2534,.F.);
#2534 = EDGE_CURVE('',#2488,#2527,#2535,.T.);
#2535 = LINE('',#2536,#2537);
#2536 = CARTESIAN_POINT('',(-16.4,8.9E-16,12.));
#2537 = VECTOR('',#2538,1.);
#2538 = DIRECTION('',(0.697246183896,0.716831750861,0.));
#2539 = PLANE('',#2540);
#2540 = AXIS2_PLACEMENT_3D('',#2541,#2542,#2543);
#2541 = CARTESIAN_POINT('',(-12.92267759563,3.575000000001,7.));
#2542 = DIRECTION('',(0.716831750861,-0.697246183896,-5.594E-14));
#2543 = DIRECTION('',(0.697246183896,0.716831750861,0.));
#2544 = ADVANCED_FACE('',(#2545),#2563,.F.);
#2545 = FACE_BOUND('',#2546,.F.);
#2546 = EDGE_LOOP('',(#2547,#2555,#2561,#2562));
#2547 = ORIENTED_EDGE('',*,*,#2548,.F.);
#2548 = EDGE_CURVE('',#2549,#2511,#2551,.T.);
#2549 = VERTEX_POINT('',#2550);
#2550 = CARTESIAN_POINT('',(-5.999999999999,3.500000000001,2.));
#2551 = LINE('',#2552,#2553);
#2552 = CARTESIAN_POINT('',(-5.999999999999,3.500000000001,2.));
#2553 = VECTOR('',#2554,1.);
#2554 = DIRECTION('',(-1.,0.,0.));
#2555 = ORIENTED_EDGE('',*,*,#2556,.T.);
#2556 = EDGE_CURVE('',#2549,#1596,#2557,.T.);
#2557 = LINE('',#2558,#2559);
#2558 = CARTESIAN_POINT('',(-5.999999999999,3.500000000001,2.));
#2559 = VECTOR('',#2560,1.);
#2560 = DIRECTION('',(0.,0.,1.));
#2561 = ORIENTED_EDGE('',*,*,#1603,.T.);
#2562 = ORIENTED_EDGE('',*,*,#2510,.T.);
#2563 = PLANE('',#2564);
#2564 = AXIS2_PLACEMENT_3D('',#2565,#2566,#2567);
#2565 = CARTESIAN_POINT('',(-5.999999999999,3.500000000001,2.));
#2566 = DIRECTION('',(0.,-1.,0.));
#2567 = DIRECTION('',(-1.,0.,0.));
#2568 = ADVANCED_FACE('',(#2569),#2587,.F.);
#2569 = FACE_BOUND('',#2570,.F.);
#2570 = EDGE_LOOP('',(#2571,#2579,#2580,#2581));
#2571 = ORIENTED_EDGE('',*,*,#2572,.T.);
#2572 = EDGE_CURVE('',#2573,#1588,#2575,.T.);
#2573 = VERTEX_POINT('',#2574);
#2574 = CARTESIAN_POINT('',(-5.999999999999,-3.500000000001,2.));
#2575 = LINE('',#2576,#2577);
#2576 = CARTESIAN_POINT('',(-5.999999999999,-3.500000000001,2.));
#2577 = VECTOR('',#2578,1.);
#2578 = DIRECTION('',(0.,0.,1.));
#2579 = ORIENTED_EDGE('',*,*,#1595,.T.);
#2580 = ORIENTED_EDGE('',*,*,#2556,.F.);
#2581 = ORIENTED_EDGE('',*,*,#2582,.F.);
#2582 = EDGE_CURVE('',#2573,#2549,#2583,.T.);
#2583 = LINE('',#2584,#2585);
#2584 = CARTESIAN_POINT('',(-5.999999999999,-3.500000000001,2.));
#2585 = VECTOR('',#2586,1.);
#2586 = DIRECTION('',(0.,1.,0.));
#2587 = PLANE('',#2588);
#2588 = AXIS2_PLACEMENT_3D('',#2589,#2590,#2591);
#2589 = CARTESIAN_POINT('',(-5.999999999999,-3.500000000001,2.));
#2590 = DIRECTION('',(-1.,0.,0.));
#2591 = DIRECTION('',(0.,1.,0.));
#2592 = ADVANCED_FACE('',(#2593),#2611,.F.);
#2593 = FACE_BOUND('',#2594,.F.);
#2594 = EDGE_LOOP('',(#2595,#2603,#2609,#2610));
#2595 = ORIENTED_EDGE('',*,*,#2596,.F.);
#2596 = EDGE_CURVE('',#2597,#2573,#2599,.T.);
#2597 = VERTEX_POINT('',#2598);
#2598 = CARTESIAN_POINT('',(-12.99562841529,-3.500000000001,2.));
#2599 = LINE('',#2600,#2601);
#2600 = CARTESIAN_POINT('',(-13.,-3.500000000001,2.));
#2601 = VECTOR('',#2602,1.);
#2602 = DIRECTION('',(1.,0.,0.));
#2603 = ORIENTED_EDGE('',*,*,#2604,.T.);
#2604 = EDGE_CURVE('',#2597,#1580,#2605,.T.);
#2605 = LINE('',#2606,#2607);
#2606 = CARTESIAN_POINT('',(-12.99562841529,-3.500000000001,4.5));
#2607 = VECTOR('',#2608,1.);
#2608 = DIRECTION('',(-7.827E-14,0.,1.));
#2609 = ORIENTED_EDGE('',*,*,#1587,.T.);
#2610 = ORIENTED_EDGE('',*,*,#2572,.F.);
#2611 = PLANE('',#2612);
#2612 = AXIS2_PLACEMENT_3D('',#2613,#2614,#2615);
#2613 = CARTESIAN_POINT('',(-13.,-3.500000000001,2.));
#2614 = DIRECTION('',(0.,1.,0.));
#2615 = DIRECTION('',(1.,0.,0.));
#2616 = ADVANCED_FACE('',(#2617),#2658,.T.);
#2617 = FACE_BOUND('',#2618,.T.);
#2618 = EDGE_LOOP('',(#2619,#2629,#2635,#2636,#2637,#2645,#2651,#2652));
#2619 = ORIENTED_EDGE('',*,*,#2620,.F.);
#2620 = EDGE_CURVE('',#2621,#2623,#2625,.T.);
#2621 = VERTEX_POINT('',#2622);
#2622 = CARTESIAN_POINT('',(-9.445355191257,-7.149999999998,2.));
#2623 = VERTEX_POINT('',#2624);
#2624 = CARTESIAN_POINT('',(-9.445355191257,-7.15,12.));
#2625 = LINE('',#2626,#2627);
#2626 = CARTESIAN_POINT('',(-9.445355191257,-7.149999999998,2.));
#2627 = VECTOR('',#2628,1.);
#2628 = DIRECTION('',(0.,0.,1.));
#2629 = ORIENTED_EDGE('',*,*,#2630,.T.);
#2630 = EDGE_CURVE('',#2621,#2597,#2631,.T.);
#2631 = LINE('',#2632,#2633);
#2632 = CARTESIAN_POINT('',(-9.445355191257,-7.149999999998,2.));
#2633 = VECTOR('',#2634,1.);
#2634 = DIRECTION('',(-0.697246183897,0.71683175086,0.));
#2635 = ORIENTED_EDGE('',*,*,#2604,.T.);
#2636 = ORIENTED_EDGE('',*,*,#1579,.F.);
#2637 = ORIENTED_EDGE('',*,*,#2638,.T.);
#2638 = EDGE_CURVE('',#1572,#2639,#2641,.T.);
#2639 = VERTEX_POINT('',#2640);
#2640 = CARTESIAN_POINT('',(-13.,-3.495505617976,2.));
#2641 = LINE('',#2642,#2643);
#2642 = CARTESIAN_POINT('',(-13.,-3.495505617976,4.5));
#2643 = VECTOR('',#2644,1.);
#2644 = DIRECTION('',(0.,8.047E-14,-1.));
#2645 = ORIENTED_EDGE('',*,*,#2646,.T.);
#2646 = EDGE_CURVE('',#2639,#2486,#2647,.T.);
#2647 = LINE('',#2648,#2649);
#2648 = CARTESIAN_POINT('',(-9.445355191257,-7.149999999998,2.));
#2649 = VECTOR('',#2650,1.);
#2650 = DIRECTION('',(-0.697246183897,0.71683175086,0.));
#2651 = ORIENTED_EDGE('',*,*,#2485,.T.);
#2652 = ORIENTED_EDGE('',*,*,#2653,.F.);
#2653 = EDGE_CURVE('',#2623,#2488,#2654,.T.);
#2654 = LINE('',#2655,#2656);
#2655 = CARTESIAN_POINT('',(-9.445355191257,-7.15,12.));
#2656 = VECTOR('',#2657,1.);
#2657 = DIRECTION('',(-0.697246183897,0.71683175086,0.));
#2658 = PLANE('',#2659);
#2659 = AXIS2_PLACEMENT_3D('',#2660,#2661,#2662);
#2660 = CARTESIAN_POINT('',(-12.92267759562,-3.574999999999,7.));
#2661 = DIRECTION('',(0.71683175086,0.697246183897,5.611E-14));
#2662 = DIRECTION('',(-0.697246183897,0.71683175086,0.));
#2663 = ADVANCED_FACE('',(#2664),#2675,.F.);
#2664 = FACE_BOUND('',#2665,.F.);
#2665 = EDGE_LOOP('',(#2666,#2672,#2673,#2674));
#2666 = ORIENTED_EDGE('',*,*,#2667,.F.);
#2667 = EDGE_CURVE('',#2496,#2639,#2668,.T.);
#2668 = LINE('',#2669,#2670);
#2669 = CARTESIAN_POINT('',(-13.,3.500000000001,2.));
#2670 = VECTOR('',#2671,1.);
#2671 = DIRECTION('',(0.,-1.,0.));
#2672 = ORIENTED_EDGE('',*,*,#2503,.T.);
#2673 = ORIENTED_EDGE('',*,*,#1571,.T.);
#2674 = ORIENTED_EDGE('',*,*,#2638,.T.);
#2675 = PLANE('',#2676);
#2676 = AXIS2_PLACEMENT_3D('',#2677,#2678,#2679);
#2677 = CARTESIAN_POINT('',(-13.,3.500000000001,2.));
#2678 = DIRECTION('',(1.,0.,0.));
#2679 = DIRECTION('',(0.,-1.,0.));
#2680 = ADVANCED_FACE('',(#2681),#2706,.F.);
#2681 = FACE_BOUND('',#2682,.F.);
#2682 = EDGE_LOOP('',(#2683,#2693,#2699,#2700));
#2683 = ORIENTED_EDGE('',*,*,#2684,.F.);
#2684 = EDGE_CURVE('',#2685,#2687,#2689,.T.);
#2685 = VERTEX_POINT('',#2686);
#2686 = CARTESIAN_POINT('',(12.995628415305,3.5,2.));
#2687 = VERTEX_POINT('',#2688);
#2688 = CARTESIAN_POINT('',(6.,3.5,2.));
#2689 = LINE('',#2690,#2691);
#2690 = CARTESIAN_POINT('',(13.,3.5,2.));
#2691 = VECTOR('',#2692,1.);
#2692 = DIRECTION('',(-1.,0.,0.));
#2693 = ORIENTED_EDGE('',*,*,#2694,.T.);
#2694 = EDGE_CURVE('',#2685,#1624,#2695,.T.);
#2695 = LINE('',#2696,#2697);
#2696 = CARTESIAN_POINT('',(12.995628415305,3.5,4.5));
#2697 = VECTOR('',#2698,1.);
#2698 = DIRECTION('',(-7.822E-14,0.,1.));
#2699 = ORIENTED_EDGE('',*,*,#1623,.T.);
#2700 = ORIENTED_EDGE('',*,*,#2701,.F.);
#2701 = EDGE_CURVE('',#2687,#1626,#2702,.T.);
#2702 = LINE('',#2703,#2704);
#2703 = CARTESIAN_POINT('',(6.,3.5,2.));
#2704 = VECTOR('',#2705,1.);
#2705 = DIRECTION('',(0.,0.,1.));
#2706 = PLANE('',#2707);
#2707 = AXIS2_PLACEMENT_3D('',#2708,#2709,#2710);
#2708 = CARTESIAN_POINT('',(13.,3.5,2.));
#2709 = DIRECTION('',(0.,-1.,0.));
#2710 = DIRECTION('',(-1.,0.,0.));
#2711 = ADVANCED_FACE('',(#2712),#2762,.T.);
#2712 = FACE_BOUND('',#2713,.T.);
#2713 = EDGE_LOOP('',(#2714,#2724,#2730,#2731,#2732,#2740,#2748,#2756));
#2714 = ORIENTED_EDGE('',*,*,#2715,.F.);
#2715 = EDGE_CURVE('',#2716,#2718,#2720,.T.);
#2716 = VERTEX_POINT('',#2717);
#2717 = CARTESIAN_POINT('',(9.445355191264,7.150000000002,2.));
#2718 = VERTEX_POINT('',#2719);
#2719 = CARTESIAN_POINT('',(9.445355191264,7.15,12.));
#2720 = LINE('',#2721,#2722);
#2721 = CARTESIAN_POINT('',(9.445355191264,7.150000000002,2.));
#2722 = VECTOR('',#2723,1.);
#2723 = DIRECTION('',(0.,0.,1.));
#2724 = ORIENTED_EDGE('',*,*,#2725,.T.);
#2725 = EDGE_CURVE('',#2716,#2685,#2726,.T.);
#2726 = LINE('',#2727,#2728);
#2727 = CARTESIAN_POINT('',(9.445355191264,7.150000000002,2.));
#2728 = VECTOR('',#2729,1.);
#2729 = DIRECTION('',(0.697246183896,-0.716831750861,0.));
#2730 = ORIENTED_EDGE('',*,*,#2694,.T.);
#2731 = ORIENTED_EDGE('',*,*,#1665,.F.);
#2732 = ORIENTED_EDGE('',*,*,#2733,.T.);
#2733 = EDGE_CURVE('',#1658,#2734,#2736,.T.);
#2734 = VERTEX_POINT('',#2735);
#2735 = CARTESIAN_POINT('',(13.,3.495505617982,2.));
#2736 = LINE('',#2737,#2738);
#2737 = CARTESIAN_POINT('',(13.,3.495505617982,4.5));
#2738 = VECTOR('',#2739,1.);
#2739 = DIRECTION('',(0.,8.041E-14,-1.));
#2740 = ORIENTED_EDGE('',*,*,#2741,.T.);
#2741 = EDGE_CURVE('',#2734,#2742,#2744,.T.);
#2742 = VERTEX_POINT('',#2743);
#2743 = CARTESIAN_POINT('',(16.4,-1.E-15,2.));
#2744 = LINE('',#2745,#2746);
#2745 = CARTESIAN_POINT('',(9.445355191264,7.150000000002,2.));
#2746 = VECTOR('',#2747,1.);
#2747 = DIRECTION('',(0.697246183896,-0.716831750861,0.));
#2748 = ORIENTED_EDGE('',*,*,#2749,.T.);
#2749 = EDGE_CURVE('',#2742,#2750,#2752,.T.);
#2750 = VERTEX_POINT('',#2751);
#2751 = CARTESIAN_POINT('',(16.4,-1.E-15,12.));
#2752 = LINE('',#2753,#2754);
#2753 = CARTESIAN_POINT('',(16.4,-8.9E-16,2.));
#2754 = VECTOR('',#2755,1.);
#2755 = DIRECTION('',(0.,0.,1.));
#2756 = ORIENTED_EDGE('',*,*,#2757,.F.);
#2757 = EDGE_CURVE('',#2718,#2750,#2758,.T.);
#2758 = LINE('',#2759,#2760);
#2759 = CARTESIAN_POINT('',(9.445355191264,7.15,12.));
#2760 = VECTOR('',#2761,1.);
#2761 = DIRECTION('',(0.697246183896,-0.716831750861,0.));
#2762 = PLANE('',#2763);
#2763 = AXIS2_PLACEMENT_3D('',#2764,#2765,#2766);
#2764 = CARTESIAN_POINT('',(12.922677595632,3.575000000001,7.));
#2765 = DIRECTION('',(-0.716831750861,-0.697246183896,-5.607E-14));
#2766 = DIRECTION('',(0.697246183896,-0.716831750861,-3.155443620884E-30
    ));
#2767 = ADVANCED_FACE('',(#2768),#2786,.F.);
#2768 = FACE_BOUND('',#2769,.F.);
#2769 = EDGE_LOOP('',(#2770,#2778,#2784,#2785));
#2770 = ORIENTED_EDGE('',*,*,#2771,.F.);
#2771 = EDGE_CURVE('',#2772,#2734,#2774,.T.);
#2772 = VERTEX_POINT('',#2773);
#2773 = CARTESIAN_POINT('',(13.,-3.495505617979,2.));
#2774 = LINE('',#2775,#2776);
#2775 = CARTESIAN_POINT('',(13.,-3.5,2.));
#2776 = VECTOR('',#2777,1.);
#2777 = DIRECTION('',(0.,1.,0.));
#2778 = ORIENTED_EDGE('',*,*,#2779,.T.);
#2779 = EDGE_CURVE('',#2772,#1650,#2780,.T.);
#2780 = LINE('',#2781,#2782);
#2781 = CARTESIAN_POINT('',(13.,-3.495505617979,4.5));
#2782 = VECTOR('',#2783,1.);
#2783 = DIRECTION('',(0.,-8.03E-14,1.));
#2784 = ORIENTED_EDGE('',*,*,#1657,.T.);
#2785 = ORIENTED_EDGE('',*,*,#2733,.T.);
#2786 = PLANE('',#2787);
#2787 = AXIS2_PLACEMENT_3D('',#2788,#2789,#2790);
#2788 = CARTESIAN_POINT('',(13.,-3.5,2.));
#2789 = DIRECTION('',(-1.,0.,0.));
#2790 = DIRECTION('',(0.,1.,0.));
#2791 = ADVANCED_FACE('',(#2792),#2833,.T.);
#2792 = FACE_BOUND('',#2793,.T.);
#2793 = EDGE_LOOP('',(#2794,#2795,#2801,#2802,#2803,#2811,#2819,#2827));
#2794 = ORIENTED_EDGE('',*,*,#2749,.F.);
#2795 = ORIENTED_EDGE('',*,*,#2796,.T.);
#2796 = EDGE_CURVE('',#2742,#2772,#2797,.T.);
#2797 = LINE('',#2798,#2799);
#2798 = CARTESIAN_POINT('',(16.4,-9.E-16,2.));
#2799 = VECTOR('',#2800,1.);
#2800 = DIRECTION('',(-0.697246183897,-0.71683175086,0.));
#2801 = ORIENTED_EDGE('',*,*,#2779,.T.);
#2802 = ORIENTED_EDGE('',*,*,#1649,.F.);
#2803 = ORIENTED_EDGE('',*,*,#2804,.T.);
#2804 = EDGE_CURVE('',#1642,#2805,#2807,.T.);
#2805 = VERTEX_POINT('',#2806);
#2806 = CARTESIAN_POINT('',(12.995628415302,-3.5,2.));
#2807 = LINE('',#2808,#2809);
#2808 = CARTESIAN_POINT('',(12.995628415302,-3.5,4.5));
#2809 = VECTOR('',#2810,1.);
#2810 = DIRECTION('',(-7.811E-14,0.,-1.));
#2811 = ORIENTED_EDGE('',*,*,#2812,.T.);
#2812 = EDGE_CURVE('',#2805,#2813,#2815,.T.);
#2813 = VERTEX_POINT('',#2814);
#2814 = CARTESIAN_POINT('',(9.445355191261,-7.149999999998,2.));
#2815 = LINE('',#2816,#2817);
#2816 = CARTESIAN_POINT('',(16.4,-9.E-16,2.));
#2817 = VECTOR('',#2818,1.);
#2818 = DIRECTION('',(-0.697246183897,-0.71683175086,0.));
#2819 = ORIENTED_EDGE('',*,*,#2820,.T.);
#2820 = EDGE_CURVE('',#2813,#2821,#2823,.T.);
#2821 = VERTEX_POINT('',#2822);
#2822 = CARTESIAN_POINT('',(9.445355191261,-7.15,12.));
#2823 = LINE('',#2824,#2825);
#2824 = CARTESIAN_POINT('',(9.445355191261,-7.149999999998,2.));
#2825 = VECTOR('',#2826,1.);
#2826 = DIRECTION('',(0.,0.,1.));
#2827 = ORIENTED_EDGE('',*,*,#2828,.F.);
#2828 = EDGE_CURVE('',#2750,#2821,#2829,.T.);
#2829 = LINE('',#2830,#2831);
#2830 = CARTESIAN_POINT('',(16.4,-8.9E-16,12.));
#2831 = VECTOR('',#2832,1.);
#2832 = DIRECTION('',(-0.697246183897,-0.71683175086,0.));
#2833 = PLANE('',#2834);
#2834 = AXIS2_PLACEMENT_3D('',#2835,#2836,#2837);
#2835 = CARTESIAN_POINT('',(12.92267759563,-3.574999999999,7.));
#2836 = DIRECTION('',(-0.71683175086,0.697246183897,5.599E-14));
#2837 = DIRECTION('',(-0.697246183897,-0.71683175086,6.310887241768E-30)
  );
#2838 = ADVANCED_FACE('',(#2839),#2857,.F.);
#2839 = FACE_BOUND('',#2840,.F.);
#2840 = EDGE_LOOP('',(#2841,#2849,#2855,#2856));
#2841 = ORIENTED_EDGE('',*,*,#2842,.F.);
#2842 = EDGE_CURVE('',#2843,#2805,#2845,.T.);
#2843 = VERTEX_POINT('',#2844);
#2844 = CARTESIAN_POINT('',(6.,-3.5,2.));
#2845 = LINE('',#2846,#2847);
#2846 = CARTESIAN_POINT('',(6.,-3.5,2.));
#2847 = VECTOR('',#2848,1.);
#2848 = DIRECTION('',(1.,0.,0.));
#2849 = ORIENTED_EDGE('',*,*,#2850,.T.);
#2850 = EDGE_CURVE('',#2843,#1634,#2851,.T.);
#2851 = LINE('',#2852,#2853);
#2852 = CARTESIAN_POINT('',(6.,-3.5,2.));
#2853 = VECTOR('',#2854,1.);
#2854 = DIRECTION('',(0.,0.,1.));
#2855 = ORIENTED_EDGE('',*,*,#1641,.T.);
#2856 = ORIENTED_EDGE('',*,*,#2804,.T.);
#2857 = PLANE('',#2858);
#2858 = AXIS2_PLACEMENT_3D('',#2859,#2860,#2861);
#2859 = CARTESIAN_POINT('',(6.,-3.5,2.));
#2860 = DIRECTION('',(0.,1.,0.));
#2861 = DIRECTION('',(1.,0.,0.));
#2862 = ADVANCED_FACE('',(#2863),#2874,.F.);
#2863 = FACE_BOUND('',#2864,.F.);
#2864 = EDGE_LOOP('',(#2865,#2866,#2867,#2868));
#2865 = ORIENTED_EDGE('',*,*,#2701,.T.);
#2866 = ORIENTED_EDGE('',*,*,#1633,.T.);
#2867 = ORIENTED_EDGE('',*,*,#2850,.F.);
#2868 = ORIENTED_EDGE('',*,*,#2869,.F.);
#2869 = EDGE_CURVE('',#2687,#2843,#2870,.T.);
#2870 = LINE('',#2871,#2872);
#2871 = CARTESIAN_POINT('',(6.,3.5,2.));
#2872 = VECTOR('',#2873,1.);
#2873 = DIRECTION('',(0.,-1.,0.));
#2874 = PLANE('',#2875);
#2875 = AXIS2_PLACEMENT_3D('',#2876,#2877,#2878);
#2876 = CARTESIAN_POINT('',(6.,3.5,2.));
#2877 = DIRECTION('',(1.,0.,0.));
#2878 = DIRECTION('',(0.,-1.,0.));
#2879 = ADVANCED_FACE('',(#2880),#2883,.T.);
#2880 = FACE_BOUND('',#2881,.T.);
#2881 = EDGE_LOOP('',(#2882));
#2882 = ORIENTED_EDGE('',*,*,#1693,.T.);
#2883 = PLANE('',#2884);
#2884 = AXIS2_PLACEMENT_3D('',#2885,#2886,#2887);
#2885 = CARTESIAN_POINT('',(-3.3E-16,-2.5E-16,15.));
#2886 = DIRECTION('',(0.,0.,1.));
#2887 = DIRECTION('',(1.,0.,0.));
#2888 = ADVANCED_FACE('',(#2889),#2892,.T.);
#2889 = FACE_BOUND('',#2890,.T.);
#2890 = EDGE_LOOP('',(#2891));
#2891 = ORIENTED_EDGE('',*,*,#1718,.T.);
#2892 = PLANE('',#2893);
#2893 = AXIS2_PLACEMENT_3D('',#2894,#2895,#2896);
#2894 = CARTESIAN_POINT('',(-3.3E-16,-2.5E-16,15.));
#2895 = DIRECTION('',(0.,0.,1.));
#2896 = DIRECTION('',(1.,0.,0.));
#2897 = ADVANCED_FACE('',(#2898),#2901,.T.);
#2898 = FACE_BOUND('',#2899,.T.);
#2899 = EDGE_LOOP('',(#2900));
#2900 = ORIENTED_EDGE('',*,*,#1743,.T.);
#2901 = PLANE('',#2902);
#2902 = AXIS2_PLACEMENT_3D('',#2903,#2904,#2905);
#2903 = CARTESIAN_POINT('',(-3.3E-16,-2.5E-16,15.));
#2904 = DIRECTION('',(0.,0.,1.));
#2905 = DIRECTION('',(1.,0.,0.));
#2906 = ADVANCED_FACE('',(#2907),#2913,.T.);
#2907 = FACE_BOUND('',#2908,.T.);
#2908 = EDGE_LOOP('',(#2909,#2910,#2911,#2912));
#2909 = ORIENTED_EDGE('',*,*,#1800,.T.);
#2910 = ORIENTED_EDGE('',*,*,#1768,.T.);
#2911 = ORIENTED_EDGE('',*,*,#1841,.T.);
#2912 = ORIENTED_EDGE('',*,*,#1880,.F.);
#2913 = PLANE('',#2914);
#2914 = AXIS2_PLACEMENT_3D('',#2915,#2916,#2917);
#2915 = CARTESIAN_POINT('',(0.,0.,12.));
#2916 = DIRECTION('',(0.,0.,1.));
#2917 = DIRECTION('',(1.,0.,0.));
#2918 = ADVANCED_FACE('',(#2919),#2930,.T.);
#2919 = FACE_BOUND('',#2920,.T.);
#2920 = EDGE_LOOP('',(#2921,#2922,#2928,#2929));
#2921 = ORIENTED_EDGE('',*,*,#2030,.T.);
#2922 = ORIENTED_EDGE('',*,*,#2923,.F.);
#2923 = EDGE_CURVE('',#1872,#2031,#2924,.T.);
#2924 = LINE('',#2925,#2926);
#2925 = CARTESIAN_POINT('',(-2.5,-8.15,11.2));
#2926 = VECTOR('',#2927,1.);
#2927 = DIRECTION('',(1.,0.,0.));
#2928 = ORIENTED_EDGE('',*,*,#1871,.T.);
#2929 = ORIENTED_EDGE('',*,*,#1825,.T.);
#2930 = PLANE('',#2931);
#2931 = AXIS2_PLACEMENT_3D('',#2932,#2933,#2934);
#2932 = CARTESIAN_POINT('',(0.,0.,11.2));
#2933 = DIRECTION('',(0.,0.,1.));
#2934 = DIRECTION('',(1.,0.,0.));
#2935 = ADVANCED_FACE('',(#2936),#2942,.T.);
#2936 = FACE_BOUND('',#2937,.T.);
#2937 = EDGE_LOOP('',(#2938,#2939,#2940,#2941));
#2938 = ORIENTED_EDGE('',*,*,#1984,.T.);
#2939 = ORIENTED_EDGE('',*,*,#2078,.F.);
#2940 = ORIENTED_EDGE('',*,*,#1857,.T.);
#2941 = ORIENTED_EDGE('',*,*,#1935,.T.);
#2942 = PLANE('',#2943);
#2943 = AXIS2_PLACEMENT_3D('',#2944,#2945,#2946);
#2944 = CARTESIAN_POINT('',(0.,0.,12.));
#2945 = DIRECTION('',(0.,0.,1.));
#2946 = DIRECTION('',(1.,0.,0.));
#2947 = ADVANCED_FACE('',(#2948),#2959,.T.);
#2948 = FACE_BOUND('',#2949,.F.);
#2949 = EDGE_LOOP('',(#2950,#2951,#2957,#2958));
#2950 = ORIENTED_EDGE('',*,*,#1920,.F.);
#2951 = ORIENTED_EDGE('',*,*,#2952,.T.);
#2952 = EDGE_CURVE('',#1913,#2039,#2953,.T.);
#2953 = LINE('',#2954,#2955);
#2954 = CARTESIAN_POINT('',(-2.5,-7.149999999999,10.2));
#2955 = VECTOR('',#2956,1.);
#2956 = DIRECTION('',(1.,0.,0.));
#2957 = ORIENTED_EDGE('',*,*,#2038,.T.);
#2958 = ORIENTED_EDGE('',*,*,#2923,.F.);
#2959 = PLANE('',#2960);
#2960 = AXIS2_PLACEMENT_3D('',#2961,#2962,#2963);
#2961 = CARTESIAN_POINT('',(-2.5,-7.649999999999,10.7));
#2962 = DIRECTION('',(0.,0.707106781186,0.707106781187));
#2963 = DIRECTION('',(-1.,0.,0.));
#2964 = ADVANCED_FACE('',(#2965),#2992,.T.);
#2965 = FACE_BOUND('',#2966,.T.);
#2966 = EDGE_LOOP('',(#2967,#2968,#2969,#2970,#2971,#2977,#2978,#2984,
    #2985,#2991));
#2967 = ORIENTED_EDGE('',*,*,#1912,.T.);
#2968 = ORIENTED_EDGE('',*,*,#2952,.T.);
#2969 = ORIENTED_EDGE('',*,*,#2046,.F.);
#2970 = ORIENTED_EDGE('',*,*,#2054,.F.);
#2971 = ORIENTED_EDGE('',*,*,#2972,.F.);
#2972 = EDGE_CURVE('',#2821,#2055,#2973,.T.);
#2973 = LINE('',#2974,#2975);
#2974 = CARTESIAN_POINT('',(9.445355191261,-7.15,12.));
#2975 = VECTOR('',#2976,1.);
#2976 = DIRECTION('',(-1.,9.E-17,0.));
#2977 = ORIENTED_EDGE('',*,*,#2820,.F.);
#2978 = ORIENTED_EDGE('',*,*,#2979,.T.);
#2979 = EDGE_CURVE('',#2813,#2621,#2980,.T.);
#2980 = LINE('',#2981,#2982);
#2981 = CARTESIAN_POINT('',(9.445355191261,-7.149999999998,2.));
#2982 = VECTOR('',#2983,1.);
#2983 = DIRECTION('',(-1.,0.,0.));
#2984 = ORIENTED_EDGE('',*,*,#2620,.T.);
#2985 = ORIENTED_EDGE('',*,*,#2986,.F.);
#2986 = EDGE_CURVE('',#1897,#2623,#2987,.T.);
#2987 = LINE('',#2988,#2989);
#2988 = CARTESIAN_POINT('',(9.445355191261,-7.15,12.));
#2989 = VECTOR('',#2990,1.);
#2990 = DIRECTION('',(-1.,9.E-17,0.));
#2991 = ORIENTED_EDGE('',*,*,#1904,.F.);
#2992 = PLANE('',#2993);
#2993 = AXIS2_PLACEMENT_3D('',#2994,#2995,#2996);
#2994 = CARTESIAN_POINT('',(1.83479E-12,-7.149999999999,7.));
#2995 = DIRECTION('',(0.,1.,1.7604E-13));
#2996 = DIRECTION('',(0.,-1.7604E-13,1.));
#2997 = ADVANCED_FACE('',(#2998),#3014,.T.);
#2998 = FACE_BOUND('',#2999,.T.);
#2999 = EDGE_LOOP('',(#3000,#3001,#3002,#3003,#3004,#3005,#3006,#3007,
    #3013));
#3000 = ORIENTED_EDGE('',*,*,#2093,.F.);
#3001 = ORIENTED_EDGE('',*,*,#2006,.T.);
#3002 = ORIENTED_EDGE('',*,*,#1958,.T.);
#3003 = ORIENTED_EDGE('',*,*,#1896,.F.);
#3004 = ORIENTED_EDGE('',*,*,#2986,.T.);
#3005 = ORIENTED_EDGE('',*,*,#2653,.T.);
#3006 = ORIENTED_EDGE('',*,*,#2534,.T.);
#3007 = ORIENTED_EDGE('',*,*,#3008,.T.);
#3008 = EDGE_CURVE('',#2527,#2168,#3009,.T.);
#3009 = LINE('',#3010,#3011);
#3010 = CARTESIAN_POINT('',(-9.445355191264,7.15,12.));
#3011 = VECTOR('',#3012,1.);
#3012 = DIRECTION('',(1.,-5.E-17,0.));
#3013 = ORIENTED_EDGE('',*,*,#2175,.F.);
#3014 = PLANE('',#3015);
#3015 = AXIS2_PLACEMENT_3D('',#3016,#3017,#3018);
#3016 = CARTESIAN_POINT('',(8.227E-14,1.8686E-13,12.));
#3017 = DIRECTION('',(0.,0.,1.));
#3018 = DIRECTION('',(1.,0.,0.));
#3019 = ADVANCED_FACE('',(#3020),#3036,.T.);
#3020 = FACE_BOUND('',#3021,.T.);
#3021 = EDGE_LOOP('',(#3022,#3023,#3024,#3030,#3031,#3032,#3033,#3034,
    #3035));
#3022 = ORIENTED_EDGE('',*,*,#2261,.F.);
#3023 = ORIENTED_EDGE('',*,*,#2343,.F.);
#3024 = ORIENTED_EDGE('',*,*,#3025,.T.);
#3025 = EDGE_CURVE('',#2344,#2718,#3026,.T.);
#3026 = LINE('',#3027,#3028);
#3027 = CARTESIAN_POINT('',(-9.445355191264,7.15,12.));
#3028 = VECTOR('',#3029,1.);
#3029 = DIRECTION('',(1.,-5.E-17,0.));
#3030 = ORIENTED_EDGE('',*,*,#2757,.T.);
#3031 = ORIENTED_EDGE('',*,*,#2828,.T.);
#3032 = ORIENTED_EDGE('',*,*,#2972,.T.);
#3033 = ORIENTED_EDGE('',*,*,#2062,.F.);
#3034 = ORIENTED_EDGE('',*,*,#2117,.T.);
#3035 = ORIENTED_EDGE('',*,*,#2213,.T.);
#3036 = PLANE('',#3037);
#3037 = AXIS2_PLACEMENT_3D('',#3038,#3039,#3040);
#3038 = CARTESIAN_POINT('',(8.227E-14,1.8686E-13,12.));
#3039 = DIRECTION('',(0.,0.,1.));
#3040 = DIRECTION('',(1.,0.,0.));
#3041 = ADVANCED_FACE('',(#3042),#3053,.T.);
#3042 = FACE_BOUND('',#3043,.T.);
#3043 = EDGE_LOOP('',(#3044,#3045,#3046,#3047));
#3044 = ORIENTED_EDGE('',*,*,#2309,.T.);
#3045 = ORIENTED_EDGE('',*,*,#2382,.T.);
#3046 = ORIENTED_EDGE('',*,*,#2141,.T.);
#3047 = ORIENTED_EDGE('',*,*,#3048,.F.);
#3048 = EDGE_CURVE('',#2310,#2144,#3049,.T.);
#3049 = LINE('',#3050,#3051);
#3050 = CARTESIAN_POINT('',(2.5,8.15,11.2));
#3051 = VECTOR('',#3052,1.);
#3052 = DIRECTION('',(-1.,0.,0.));
#3053 = PLANE('',#3054);
#3054 = AXIS2_PLACEMENT_3D('',#3055,#3056,#3057);
#3055 = CARTESIAN_POINT('',(0.,0.,11.2));
#3056 = DIRECTION('',(0.,0.,1.));
#3057 = DIRECTION('',(1.,0.,0.));
#3058 = ADVANCED_FACE('',(#3059),#3070,.T.);
#3059 = FACE_BOUND('',#3060,.F.);
#3060 = EDGE_LOOP('',(#3061,#3062,#3068,#3069));
#3061 = ORIENTED_EDGE('',*,*,#2367,.F.);
#3062 = ORIENTED_EDGE('',*,*,#3063,.T.);
#3063 = EDGE_CURVE('',#2360,#2152,#3064,.T.);
#3064 = LINE('',#3065,#3066);
#3065 = CARTESIAN_POINT('',(2.5,7.150000000001,10.2));
#3066 = VECTOR('',#3067,1.);
#3067 = DIRECTION('',(-1.,0.,0.));
#3068 = ORIENTED_EDGE('',*,*,#2151,.T.);
#3069 = ORIENTED_EDGE('',*,*,#3048,.F.);
#3070 = PLANE('',#3071);
#3071 = AXIS2_PLACEMENT_3D('',#3072,#3073,#3074);
#3072 = CARTESIAN_POINT('',(2.5,7.650000000001,10.7));
#3073 = DIRECTION('',(0.,-0.707106781187,0.707106781186));
#3074 = DIRECTION('',(1.,0.,0.));
#3075 = ADVANCED_FACE('',(#3076),#3093,.T.);
#3076 = FACE_BOUND('',#3077,.T.);
#3077 = EDGE_LOOP('',(#3078,#3079,#3080,#3081,#3082,#3083,#3084,#3090,
    #3091,#3092));
#3078 = ORIENTED_EDGE('',*,*,#2359,.T.);
#3079 = ORIENTED_EDGE('',*,*,#3063,.T.);
#3080 = ORIENTED_EDGE('',*,*,#2159,.F.);
#3081 = ORIENTED_EDGE('',*,*,#2167,.F.);
#3082 = ORIENTED_EDGE('',*,*,#3008,.F.);
#3083 = ORIENTED_EDGE('',*,*,#2526,.F.);
#3084 = ORIENTED_EDGE('',*,*,#3085,.T.);
#3085 = EDGE_CURVE('',#2519,#2716,#3086,.T.);
#3086 = LINE('',#3087,#3088);
#3087 = CARTESIAN_POINT('',(-9.445355191264,7.150000000002,2.));
#3088 = VECTOR('',#3089,1.);
#3089 = DIRECTION('',(1.,0.,0.));
#3090 = ORIENTED_EDGE('',*,*,#2715,.T.);
#3091 = ORIENTED_EDGE('',*,*,#3025,.F.);
#3092 = ORIENTED_EDGE('',*,*,#2351,.F.);
#3093 = PLANE('',#3094);
#3094 = AXIS2_PLACEMENT_3D('',#3095,#3096,#3097);
#3095 = CARTESIAN_POINT('',(-3.093E-14,7.150000000001,7.));
#3096 = DIRECTION('',(-0.,-1.,-1.7585E-13));
#3097 = DIRECTION('',(0.,1.7585E-13,-1.));
#3098 = ADVANCED_FACE('',(#3099),#3105,.T.);
#3099 = FACE_BOUND('',#3100,.T.);
#3100 = EDGE_LOOP('',(#3101,#3102,#3103,#3104));
#3101 = ORIENTED_EDGE('',*,*,#2405,.T.);
#3102 = ORIENTED_EDGE('',*,*,#2293,.T.);
#3103 = ORIENTED_EDGE('',*,*,#2246,.T.);
#3104 = ORIENTED_EDGE('',*,*,#2191,.F.);
#3105 = PLANE('',#3106);
#3106 = AXIS2_PLACEMENT_3D('',#3107,#3108,#3109);
#3107 = CARTESIAN_POINT('',(0.,0.,12.));
#3108 = DIRECTION('',(0.,0.,1.));
#3109 = DIRECTION('',(1.,0.,0.));
#3110 = ADVANCED_FACE('',(#3111),#3117,.T.);
#3111 = FACE_BOUND('',#3112,.T.);
#3112 = EDGE_LOOP('',(#3113,#3114,#3115,#3116));
#3113 = ORIENTED_EDGE('',*,*,#2389,.T.);
#3114 = ORIENTED_EDGE('',*,*,#2327,.F.);
#3115 = ORIENTED_EDGE('',*,*,#2421,.T.);
#3116 = ORIENTED_EDGE('',*,*,#2444,.T.);
#3117 = PLANE('',#3118);
#3118 = AXIS2_PLACEMENT_3D('',#3119,#3120,#3121);
#3119 = CARTESIAN_POINT('',(0.,0.,12.));
#3120 = DIRECTION('',(0.,0.,1.));
#3121 = DIRECTION('',(1.,0.,0.));
#3122 = ADVANCED_FACE('',(#3123),#3126,.T.);
#3123 = FACE_BOUND('',#3124,.T.);
#3124 = EDGE_LOOP('',(#3125));
#3125 = ORIENTED_EDGE('',*,*,#2468,.T.);
#3126 = PLANE('',#3127);
#3127 = AXIS2_PLACEMENT_3D('',#3128,#3129,#3130);
#3128 = CARTESIAN_POINT('',(-3.3E-16,-2.5E-16,15.));
#3129 = DIRECTION('',(0.,0.,1.));
#3130 = DIRECTION('',(1.,0.,0.));
#3131 = ADVANCED_FACE('',(#3132),#3146,.T.);
#3132 = FACE_BOUND('',#3133,.T.);
#3133 = EDGE_LOOP('',(#3134,#3135,#3136,#3137,#3138,#3139,#3140,#3141,
    #3142,#3143,#3144,#3145));
#3134 = ORIENTED_EDGE('',*,*,#2518,.F.);
#3135 = ORIENTED_EDGE('',*,*,#2548,.F.);
#3136 = ORIENTED_EDGE('',*,*,#2582,.F.);
#3137 = ORIENTED_EDGE('',*,*,#2596,.F.);
#3138 = ORIENTED_EDGE('',*,*,#2630,.F.);
#3139 = ORIENTED_EDGE('',*,*,#2979,.F.);
#3140 = ORIENTED_EDGE('',*,*,#2812,.F.);
#3141 = ORIENTED_EDGE('',*,*,#2842,.F.);
#3142 = ORIENTED_EDGE('',*,*,#2869,.F.);
#3143 = ORIENTED_EDGE('',*,*,#2684,.F.);
#3144 = ORIENTED_EDGE('',*,*,#2725,.F.);
#3145 = ORIENTED_EDGE('',*,*,#3085,.F.);
#3146 = PLANE('',#3147);
#3147 = AXIS2_PLACEMENT_3D('',#3148,#3149,#3150);
#3148 = CARTESIAN_POINT('',(2.69E-15,1.41454E-12,2.));
#3149 = DIRECTION('',(0.,0.,1.));
#3150 = DIRECTION('',(1.,0.,0.));
#3151 = ADVANCED_FACE('',(#3152),#3157,.T.);
#3152 = FACE_BOUND('',#3153,.T.);
#3153 = EDGE_LOOP('',(#3154,#3155,#3156));
#3154 = ORIENTED_EDGE('',*,*,#2495,.F.);
#3155 = ORIENTED_EDGE('',*,*,#2646,.F.);
#3156 = ORIENTED_EDGE('',*,*,#2667,.F.);
#3157 = PLANE('',#3158);
#3158 = AXIS2_PLACEMENT_3D('',#3159,#3160,#3161);
#3159 = CARTESIAN_POINT('',(2.69E-15,1.41454E-12,2.));
#3160 = DIRECTION('',(0.,0.,1.));
#3161 = DIRECTION('',(1.,0.,0.));
#3162 = ADVANCED_FACE('',(#3163),#3168,.T.);
#3163 = FACE_BOUND('',#3164,.T.);
#3164 = EDGE_LOOP('',(#3165,#3166,#3167));
#3165 = ORIENTED_EDGE('',*,*,#2741,.F.);
#3166 = ORIENTED_EDGE('',*,*,#2771,.F.);
#3167 = ORIENTED_EDGE('',*,*,#2796,.F.);
#3168 = PLANE('',#3169);
#3169 = AXIS2_PLACEMENT_3D('',#3170,#3171,#3172);
#3170 = CARTESIAN_POINT('',(2.69E-15,1.41454E-12,2.));
#3171 = DIRECTION('',(0.,0.,1.));
#3172 = DIRECTION('',(1.,0.,0.));
#3173 = ( GEOMETRIC_REPRESENTATION_CONTEXT(3) 
GLOBAL_UNCERTAINTY_ASSIGNED_CONTEXT((#3177)) 
GLOBAL_UNIT_ASSIGNED_CONTEXT((#3174,#3175,#3176)) REPRESENTATION_CONTEXT
('Context #1','3D Context with UNIT and UNCERTAINTY') );
#3174 = ( LENGTH_UNIT() NAMED_UNIT(*) SI_UNIT(.MILLI.,.METRE.) );
#3175 = ( NAMED_UNIT(*) PLANE_ANGLE_UNIT() SI_UNIT($,.RADIAN.) );
#3176 = ( NAMED_UNIT(*) SI_UNIT($,.STERADIAN.) SOLID_ANGLE_UNIT() );
#3177 = UNCERTAINTY_MEASURE_WITH_UNIT(LENGTH_MEASURE(5.E-06),#3174,
  'distance_accuracy_value','confusion accuracy');
#3178 = PRODUCT_RELATED_PRODUCT_CATEGORY('part',$,(#7));
#3179 = MECHANICAL_DESIGN_GEOMETRIC_PRESENTATION_REPRESENTATION('',(
    #3180),#3173);
#3180 = STYLED_ITEM('color',(#3181),#15);
#3181 = PRESENTATION_STYLE_ASSIGNMENT((#3182,#3188));
#3182 = SURFACE_STYLE_USAGE(.BOTH.,#3183);
#3183 = SURFACE_SIDE_STYLE('',(#3184));
#3184 = SURFACE_STYLE_FILL_AREA(#3185);
#3185 = FILL_AREA_STYLE('',(#3186));
#3186 = FILL_AREA_STYLE_COLOUR('',#3187);
#3187 = COLOUR_RGB('',0.898039222556,0.317647072818,0.180392163476);
#3188 = CURVE_STYLE('',#3189,POSITIVE_LENGTH_MEASURE(0.1),#3190);
#3189 = DRAUGHTING_PRE_DEFINED_CURVE_FONT('continuous');
#3190 = COLOUR_RGB('',9.803921802644E-02,9.803921802644E-02,
  9.803921802644E-02);
ENDSEC;
END-ISO-10303-21;
